episode,reward,steps,goal,collision,epsilon,avg_loss,difficulty
1,-0.8500,600,0,0,0.99750,1.283656,easy
2,-0.7000,600,0,0,0.99501,0.055979,easy
3,-6.7500,78,0,1,0.99252,0.034767,easy
4,-8.8000,538,0,1,0.99004,1.660901,easy
5,-4.6000,131,0,1,0.98756,1.829435,easy
6,-10.0500,106,0,1,0.98509,0.644912,easy
7,-7.7000,62,0,1,0.98263,0.410821,easy
8,-3.5500,265,0,1,0.98017,0.455115,easy
9,-10.5000,600,0,0,0.97772,0.698228,easy
10,-11.3500,600,0,0,0.97528,0.127349,easy
11,-16.0000,146,0,1,0.97284,0.086658,easy
12,-6.2500,600,0,0,0.97041,0.153323,easy
13,31.6500,264,1,0,0.96798,0.103358,easy
14,-20.0000,594,0,1,0.96556,1.111112,easy
15,-3.3500,600,0,0,0.96315,0.668424,easy
16,-0.3000,600,0,0,0.96074,0.157239,easy
17,-9.7500,251,0,1,0.95834,0.128116,easy
18,-6.1000,21,0,1,0.95594,0.179820,easy
19,-1.4000,600,0,0,0.95355,0.108745,easy
20,-9.6500,134,0,1,0.95117,0.125314,easy
21,-8.6000,511,0,1,0.94879,0.092163,easy
22,-16.4500,600,0,0,0.94642,0.078102,easy
23,27.9500,279,1,0,0.94405,0.057088,easy
24,-11.7000,219,0,1,0.94169,0.128067,easy
25,-11.2000,101,0,1,0.93934,0.093271,easy
26,-13.1000,126,0,1,0.93699,0.105626,easy
27,0.8000,411,0,1,0.93465,0.101404,easy
28,-5.6500,600,0,0,0.93231,0.106061,easy
29,-4.2500,36,0,1,0.92998,0.080746,easy
30,-8.9000,15,0,1,0.92766,0.038289,easy
31,-6.9000,419,0,1,0.92534,0.117792,easy
32,-16.2500,150,0,1,0.92302,0.091135,easy
33,-10.6500,600,0,0,0.92072,0.074322,easy
34,-10.2000,39,0,1,0.91841,0.081966,easy
35,-5.4000,114,0,1,0.91612,0.060999,easy
36,25.0500,175,1,0,0.91383,0.058428,easy
37,-7.8500,119,0,1,0.91154,0.090515,easy
38,-12.9500,600,0,0,0.90926,0.097565,easy
39,-7.7500,75,0,1,0.90699,0.132561,easy
40,-8.2000,32,0,1,0.90472,0.069215,easy
41,-6.8500,436,0,1,0.90246,0.073767,easy
42,-10.0000,286,0,1,0.90021,0.068375,easy
43,-1.2500,327,0,1,0.89796,0.062921,easy
44,-6.3000,290,0,1,0.89571,0.059196,easy
45,-9.2500,17,0,1,0.89347,0.046221,easy
46,-11.2000,47,0,1,0.89124,0.307797,easy
47,3.1000,600,0,0,0.88901,0.173225,easy
48,25.1500,431,1,0,0.88679,0.142830,easy
49,-0.2500,211,0,1,0.88457,0.171863,easy
50,-10.4500,120,0,1,0.88236,0.168644,easy
51,26.4000,203,1,0,0.88015,0.160859,easy
52,-9.5500,68,0,1,0.87795,0.178068,easy
53,-7.4500,10,0,1,0.87576,0.186933,easy
54,-1.2000,167,0,1,0.87357,0.164871,easy
55,-5.6500,149,0,1,0.87138,0.175110,easy
56,-14.9000,570,0,1,0.86921,0.163982,easy
57,25.8000,249,1,0,0.86703,0.126697,easy
58,26.7000,239,1,0,0.86487,0.185239,easy
59,-4.8000,39,0,1,0.86270,0.157251,easy
60,25.4000,176,1,0,0.86055,0.227080,easy
61,-0.9000,220,0,1,0.85839,0.263773,easy
62,32.8000,448,1,0,0.85625,0.219931,easy
63,30.7500,152,1,0,0.85411,0.292583,easy
64,28.6500,347,1,0,0.85197,0.301114,easy
65,27.5500,120,1,0,0.84984,0.287629,easy
66,-3.9000,106,0,1,0.84772,0.285274,easy
67,-3.1000,216,0,1,0.84560,0.278094,easy
68,33.8500,200,1,0,0.84349,0.275140,easy
69,-6.7000,227,0,1,0.84138,0.260916,easy
70,27.2500,139,1,0,0.83927,0.293309,easy
71,-4.5500,97,0,1,0.83717,0.283973,easy
72,-2.2500,146,0,1,0.83508,0.266443,easy
73,30.3000,328,1,0,0.83299,0.244673,easy
74,5.0000,600,0,0,0.83091,0.232636,easy
75,-0.5500,127,0,1,0.82883,0.207760,easy
76,-6.3500,310,0,1,0.82676,0.331303,easy
77,26.9000,144,1,0,0.82470,0.265127,easy
78,26.9000,98,1,0,0.82263,0.279082,easy
79,31.7500,130,1,0,0.82058,0.295473,easy
80,-0.8500,392,0,1,0.81853,0.246657,easy
81,30.3500,258,1,0,0.81648,0.238270,easy
82,-7.1500,31,0,1,0.81444,0.244653,easy
83,27.7500,142,1,0,0.81240,0.211154,easy
84,26.2000,245,1,0,0.81037,0.226956,easy
85,1.5000,126,0,1,0.80835,0.230508,easy
86,-0.6500,121,0,1,0.80632,0.269605,easy
87,28.0500,124,1,0,0.80431,0.262518,easy
88,32.8500,168,1,0,0.80230,0.220497,easy
89,25.1000,219,1,0,0.80029,0.230553,easy
90,-6.5000,63,0,1,0.79829,0.208050,easy
91,27.0000,191,1,0,0.79630,0.343209,easy
92,27.3500,104,1,0,0.79430,0.283387,easy
93,-5.0500,61,0,1,0.79232,0.264240,easy
94,26.2000,127,1,0,0.79034,0.247515,easy
95,-2.7000,121,0,1,0.78836,0.211799,easy
96,-3.2000,72,0,1,0.78639,0.241214,easy
97,25.4000,267,1,0,0.78443,0.247710,easy
98,-2.7500,169,0,1,0.78246,0.199285,easy
99,28.9500,272,1,0,0.78051,0.188669,easy
100,27.2000,69,1,0,0.77856,0.184711,easy
101,31.8500,120,1,0,0.77661,0.223645,easy
102,27.8500,79,1,0,0.77467,0.205254,easy
103,-1.6000,93,0,1,0.77273,0.249969,easy
104,29.4500,176,1,0,0.77080,0.214675,easy
105,25.8000,105,1,0,0.76887,0.220064,easy
106,30.5500,214,1,0,0.76695,0.259008,easy
107,27.5000,95,1,0,0.76503,0.217487,easy
108,26.7000,63,1,0,0.76312,0.216689,easy
109,36.1000,167,1,0,0.76121,0.214256,easy
110,28.3500,80,1,0,0.75931,0.196277,easy
111,-8.9000,96,0,1,0.75741,0.184530,easy
112,28.5500,128,1,0,0.75552,0.178151,easy
113,26.8000,61,1,0,0.75363,0.184822,easy
114,27.6500,168,1,0,0.75175,0.220175,easy
115,28.1500,88,1,0,0.74987,0.213005,easy
116,-8.3500,10,0,1,0.74799,0.214818,easy
117,29.7000,104,1,0,0.74612,0.195350,easy
118,27.2000,87,1,0,0.74426,0.169213,easy
119,29.8000,298,1,0,0.74240,0.193520,easy
120,32.9000,214,1,0,0.74054,0.200837,easy
121,28.2000,111,1,0,0.73869,0.342252,easy
122,-5.2500,52,0,1,0.73684,0.271206,easy
123,27.0000,171,1,0,0.73500,0.223183,easy
124,26.6500,92,1,0,0.73316,0.218333,easy
125,28.3500,84,1,0,0.73133,0.219729,easy
126,30.6500,168,1,0,0.72950,0.191761,easy
127,-0.1000,128,0,1,0.72768,0.161876,easy
128,30.4000,97,1,0,0.72586,0.197731,easy
129,28.0000,287,1,0,0.72404,0.188147,easy
130,31.7500,114,1,0,0.72223,0.197982,easy
131,32.8000,109,1,0,0.72043,0.187746,easy
132,26.7000,78,1,0,0.71863,0.184729,easy
133,-6.7500,14,0,1,0.71683,0.172939,easy
134,26.1000,100,1,0,0.71504,0.195354,easy
135,-4.7000,33,0,1,0.71325,0.201804,easy
136,31.9000,160,1,0,0.71147,0.252193,easy
137,31.4500,134,1,0,0.70969,0.212933,easy
138,28.3000,106,1,0,0.70791,0.207632,easy
139,28.4500,147,1,0,0.70614,0.209210,easy
140,31.4000,105,1,0,0.70438,0.173858,easy
141,-3.2500,60,0,1,0.70262,0.226519,easy
142,33.0500,228,1,0,0.70086,0.174979,easy
143,24.6000,99,1,0,0.69911,0.191913,easy
144,28.8500,143,1,0,0.69736,0.189161,easy
145,33.0500,150,1,0,0.69562,0.197100,easy
146,28.1500,80,1,0,0.69388,0.203124,easy
147,30.5500,52,1,0,0.69214,0.186313,easy
148,30.7500,123,1,0,0.69041,0.180568,easy
149,24.0000,151,1,0,0.68869,0.181746,easy
150,-8.0500,55,0,1,0.68697,0.163011,easy
151,33.6000,79,1,0,0.68525,0.326237,easy
152,34.3000,117,1,0,0.68354,0.243845,easy
153,-5.8000,29,0,1,0.68183,0.222269,easy
154,28.6500,82,1,0,0.68012,0.217750,easy
155,31.7500,84,1,0,0.67842,0.225683,easy
156,-7.6000,13,0,1,0.67673,0.197848,easy
157,30.7500,146,1,0,0.67503,0.239818,easy
158,28.2500,110,1,0,0.67335,0.225510,easy
159,-1.9500,65,0,1,0.67166,0.231105,easy
160,28.3500,78,1,0,0.66998,0.230487,easy
161,26.8000,111,1,0,0.66831,0.206198,easy
162,32.4000,139,1,0,0.66664,0.213175,easy
163,-4.2500,68,0,1,0.66497,0.198917,easy
164,-0.6500,78,0,1,0.66331,0.202899,easy
165,27.8500,60,1,0,0.66165,0.200230,easy
166,30.2000,71,1,0,0.66000,0.225611,easy
167,30.6500,95,1,0,0.65835,0.223190,easy
168,28.9500,69,1,0,0.65670,0.201631,easy
169,26.1000,49,1,0,0.65506,0.204234,easy
170,30.1000,77,1,0,0.65342,0.214543,easy
171,30.2500,108,1,0,0.65179,0.192129,easy
172,29.2500,92,1,0,0.65016,0.207280,easy
173,26.4500,58,1,0,0.64853,0.176383,easy
174,26.7000,85,1,0,0.64691,0.196434,easy
175,27.0000,53,1,0,0.64529,0.188297,easy
176,28.5000,109,1,0,0.64368,0.189953,easy
177,30.0500,107,1,0,0.64207,0.173315,easy
178,-3.9000,37,0,1,0.64047,0.179985,easy
179,28.0500,143,1,0,0.63887,0.169499,easy
180,31.4000,103,1,0,0.63727,0.176171,easy
181,35.8000,137,1,0,0.63568,0.258416,easy
182,-2.7000,61,0,1,0.63409,0.201050,easy
183,-0.6500,110,0,1,0.63250,0.209146,easy
184,-6.2000,87,0,1,0.63092,0.225445,easy
185,31.4000,143,1,0,0.62934,0.187190,easy
186,27.4000,98,1,0,0.62777,0.185047,easy
187,30.4500,110,1,0,0.62620,0.176243,easy
188,28.3500,69,1,0,0.62463,0.176905,easy
189,34.9500,142,1,0,0.62307,0.167802,easy
190,30.5500,68,1,0,0.62152,0.173248,easy
191,28.8500,50,1,0,0.61996,0.164790,easy
192,30.6000,91,1,0,0.61841,0.191041,easy
193,-4.0000,41,0,1,0.61687,0.162069,easy
194,29.1500,113,1,0,0.61532,0.164158,easy
195,27.2000,59,1,0,0.61379,0.174533,easy
196,28.5500,112,1,0,0.61225,0.237401,easy
197,29.3500,83,1,0,0.61072,0.194835,easy
198,32.2000,102,1,0,0.60919,0.178218,easy
199,27.6500,42,1,0,0.60767,0.165896,easy
200,27.3000,67,1,0,0.60615,0.164247,easy
201,31.9000,109,1,0,0.60464,0.203023,easy
202,26.7000,143,1,0,0.60312,0.164930,easy
203,27.8500,68,1,0,0.60162,0.199006,easy
204,27.0500,112,1,0,0.60011,0.173427,easy
205,29.8000,114,1,0,0.59861,0.161044,easy
206,-0.7500,56,0,1,0.59712,0.151048,easy
207,29.9000,131,1,0,0.59562,0.170750,easy
208,33.7500,125,1,0,0.59413,0.151413,easy
209,30.4500,70,1,0,0.59265,0.187179,easy
210,29.5500,68,1,0,0.59117,0.139028,easy
211,32.6500,131,1,0,0.58969,0.252302,easy
212,30.6000,87,1,0,0.58821,0.189373,easy
213,28.3500,80,1,0,0.58674,0.231424,easy
214,29.7000,81,1,0,0.58528,0.172995,easy
215,30.2500,91,1,0,0.58381,0.196619,easy
216,32.4500,132,1,0,0.58235,0.173241,easy
217,30.1000,77,1,0,0.58090,0.166147,easy
218,29.8000,88,1,0,0.57945,0.166902,easy
219,25.4500,113,1,0,0.57800,0.180748,easy
220,27.9000,109,1,0,0.57655,0.165942,easy
221,0.8000,99,0,1,0.57511,0.203470,easy
222,28.6500,98,1,0,0.57367,0.140238,easy
223,27.0500,63,1,0,0.57224,0.184586,easy
224,28.7000,113,1,0,0.57081,0.188495,easy
225,30.2500,141,1,0,0.56938,0.184282,easy
226,30.0000,73,1,0,0.56796,0.232645,easy
227,29.7000,89,1,0,0.56654,0.187182,easy
228,29.7000,63,1,0,0.56512,0.176746,easy
229,35.2000,146,1,0,0.56371,0.157630,easy
230,27.7000,63,1,0,0.56230,0.183786,easy
231,27.7500,92,1,0,0.56089,0.157574,easy
232,34.1000,109,1,0,0.55949,0.159974,easy
233,28.1000,63,1,0,0.55809,0.146068,easy
234,30.8000,125,1,0,0.55670,0.148982,easy
235,30.1500,131,1,0,0.55531,0.162421,easy
236,29.6000,65,1,0,0.55392,0.158396,easy
237,30.5500,126,1,0,0.55253,0.166270,easy
238,33.0500,97,1,0,0.55115,0.184678,easy
239,29.8000,72,1,0,0.54977,0.147508,easy
240,31.0000,107,1,0,0.54840,0.162026,easy
241,28.6000,92,1,0,0.54703,0.232431,easy
242,28.0500,94,1,0,0.54566,0.204781,easy
243,29.3500,78,1,0,0.54430,0.167030,easy
244,31.9500,106,1,0,0.54294,0.172453,easy
245,29.5500,171,1,0,0.54158,0.146577,easy
246,30.2000,142,1,0,0.54022,0.166676,easy
247,34.0000,115,1,0,0.53887,0.144258,easy
248,26.8500,88,1,0,0.53753,0.160620,easy
249,29.3000,120,1,0,0.53618,0.172672,easy
250,26.6000,69,1,0,0.53484,0.170827,easy
251,30.6000,123,1,0,0.53351,0.158696,easy
252,32.4000,79,1,0,0.53217,0.158927,easy
253,30.8500,50,1,0,0.53084,0.177516,easy
254,33.9000,101,1,0,0.52951,0.153291,easy
255,27.7500,87,1,0,0.52819,0.127807,easy
256,29.1000,75,1,0,0.52687,0.274789,easy
257,-4.4000,65,0,1,0.52555,0.191009,easy
258,30.7500,148,1,0,0.52424,0.179631,easy
259,33.1000,71,1,0,0.52293,0.155899,easy
260,28.6500,58,1,0,0.52162,0.156418,easy
261,27.4000,328,1,0,0.52032,0.179494,easy
262,29.5000,107,1,0,0.51902,0.153787,easy
263,32.1500,72,1,0,0.51772,0.175685,easy
264,22.3500,330,1,0,0.51642,0.179828,easy
265,-5.2000,39,0,1,0.51513,0.144672,easy
266,-3.1500,103,0,1,0.51385,0.153257,easy
267,30.4000,119,1,0,0.51256,0.174480,easy
268,35.7500,87,1,0,0.51128,0.157340,easy
269,-2.0500,70,0,1,0.51000,0.147445,easy
270,28.8000,67,1,0,0.50873,0.156138,easy
271,26.6000,49,1,0,0.50745,0.315183,easy
272,35.0500,88,1,0,0.50619,0.192732,easy
273,29.2500,128,1,0,0.50492,0.184126,easy
274,27.5000,76,1,0,0.50366,0.184659,easy
275,29.1000,69,1,0,0.50240,0.183747,easy
276,30.6500,104,1,0,0.50114,0.173483,easy
277,-3.5500,44,0,1,0.49989,0.154450,easy
278,27.4000,61,1,0,0.49864,0.148885,easy
279,28.3500,76,1,0,0.49739,0.160090,easy
280,30.6500,82,1,0,0.49615,0.173164,easy
281,33.1500,129,1,0,0.49491,0.183196,easy
282,30.9500,126,1,0,0.49367,0.197003,easy
283,30.9000,91,1,0,0.49244,0.218063,easy
284,26.7000,66,1,0,0.49121,0.177110,easy
285,27.7000,166,1,0,0.48998,0.167354,easy
286,27.5500,56,1,0,0.48875,0.247600,easy
287,31.7500,86,1,0,0.48753,0.208137,easy
288,31.4000,143,1,0,0.48631,0.161161,easy
289,-2.6000,41,0,1,0.48510,0.193667,easy
290,28.5500,128,1,0,0.48389,0.199180,easy
291,26.3000,77,1,0,0.48268,0.196430,easy
292,28.2000,282,1,0,0.48147,0.210915,easy
293,32.6500,113,1,0,0.48027,0.172565,easy
294,30.9000,95,1,0,0.47906,0.159888,easy
295,31.8500,109,1,0,0.47787,0.168056,easy
296,28.0000,49,1,0,0.47667,0.161656,easy
297,24.7500,136,1,0,0.47548,0.137755,easy
298,25.4500,31,1,0,0.47429,0.144780,easy
299,-6.7500,8,0,1,0.47311,0.138421,easy
300,0.8500,54,0,1,0.47192,0.167375,easy
301,32.0500,78,1,0,0.47074,0.227674,easy
302,31.0500,114,1,0,0.46957,0.221681,easy
303,29.7000,109,1,0,0.46839,0.213027,easy
304,-1.6000,51,0,1,0.46722,0.185669,easy
305,27.0000,63,1,0,0.46605,0.219916,easy
306,32.5000,57,1,0,0.46489,0.216522,easy
307,29.0500,91,1,0,0.46373,0.194251,easy
308,28.1000,136,1,0,0.46257,0.222663,easy
309,28.7000,79,1,0,0.46141,0.198233,easy
310,32.2500,176,1,0,0.46026,0.205075,easy
311,26.4000,59,1,0,0.45911,0.199760,easy
312,29.4000,53,1,0,0.45796,0.186865,easy
313,26.9000,89,1,0,0.45681,0.185041,easy
314,28.3000,55,1,0,0.45567,0.175484,easy
315,-5.3000,43,0,1,0.45453,0.178053,easy
316,29.1000,110,1,0,0.45340,0.212679,easy
317,26.4500,40,1,0,0.45226,0.197362,easy
318,30.8500,112,1,0,0.45113,0.200934,easy
319,34.7000,171,1,0,0.45000,0.208205,easy
320,26.3000,148,1,0,0.44888,0.195231,easy
321,31.9500,97,1,0,0.44776,0.205064,easy
322,28.1000,133,1,0,0.44664,0.210879,easy
323,26.3000,219,1,0,0.44552,0.206343,easy
324,31.0000,133,1,0,0.44441,0.215670,easy
325,32.9500,94,1,0,0.44330,0.184576,easy
326,28.7500,83,1,0,0.44219,0.171469,easy
327,4.3500,108,0,1,0.44108,0.197913,easy
328,28.9500,70,1,0,0.43998,0.203066,easy
329,28.4500,299,1,0,0.43888,0.212225,easy
330,33.7000,138,1,0,0.43778,0.241140,easy
331,27.9500,58,1,0,0.43669,0.289396,easy
332,28.4500,66,1,0,0.43560,0.202770,easy
333,30.7000,105,1,0,0.43451,0.210936,easy
334,27.7000,77,1,0,0.43342,0.216589,easy
335,28.5500,82,1,0,0.43234,0.230343,easy
336,33.3000,93,1,0,0.43126,0.234876,easy
337,30.8500,126,1,0,0.43018,0.231602,easy
338,31.1500,64,1,0,0.42910,0.270808,easy
339,29.2500,113,1,0,0.42803,0.202427,easy
340,28.1000,47,1,0,0.42696,0.218483,easy
341,-4.8500,62,0,1,0.42589,0.227193,easy
342,31.2500,122,1,0,0.42483,0.215503,easy
343,22.8500,281,1,0,0.42377,0.225199,easy
344,32.5000,116,1,0,0.42271,0.212302,easy
345,30.7000,63,1,0,0.42165,0.214744,easy
346,32.6000,85,1,0,0.42060,0.280230,easy
347,32.2000,97,1,0,0.41954,0.208804,easy
348,26.2500,88,1,0,0.41850,0.225058,easy
349,34.9500,108,1,0,0.41745,0.249956,easy
350,33.1000,139,1,0,0.41641,0.235987,easy
351,30.5500,198,1,0,0.41536,0.213185,easy
352,30.2500,65,1,0,0.41433,0.228835,easy
353,27.6500,121,1,0,0.41329,0.238297,easy
354,28.2000,203,1,0,0.41226,0.198351,easy
355,26.0000,35,1,0,0.41123,0.195936,easy
356,30.9500,62,1,0,0.41020,0.217259,easy
357,31.6500,88,1,0,0.40917,0.196596,easy
358,29.4000,79,1,0,0.40815,0.186223,easy
359,29.2500,79,1,0,0.40713,0.225711,easy
360,30.4000,154,1,0,0.40611,0.201571,easy
361,31.9500,109,1,0,0.40510,0.255718,easy
362,30.0000,55,1,0,0.40408,0.194057,easy
363,30.0500,266,1,0,0.40307,0.211546,easy
364,33.6500,151,1,0,0.40207,0.235588,easy
365,31.5500,108,1,0,0.40106,0.213648,easy
366,-3.8500,36,0,1,0.40006,0.202685,easy
367,26.5500,54,1,0,0.39906,0.250231,easy
368,30.1000,110,1,0,0.39806,0.201576,easy
369,27.7500,64,1,0,0.39707,0.296159,easy
370,29.2000,45,1,0,0.39607,0.296606,easy
371,-3.7500,115,0,1,0.39508,0.215600,easy
372,27.6000,67,1,0,0.39409,0.310754,easy
373,31.3000,145,1,0,0.39311,0.302533,easy
374,30.2500,244,1,0,0.39213,0.224410,easy
375,26.4500,98,1,0,0.39115,0.211352,easy
376,21.9000,465,1,0,0.39017,0.268623,easy
377,31.7500,72,1,0,0.38919,0.267881,easy
378,27.9000,39,1,0,0.38822,0.239604,easy
379,33.5000,124,1,0,0.38725,0.229878,easy
380,31.8500,71,1,0,0.38628,0.264440,easy
381,32.3500,74,1,0,0.38532,0.218710,easy
382,24.0000,428,1,0,0.38435,0.228009,easy
383,23.1000,266,1,0,0.38339,0.201108,easy
384,25.3500,251,1,0,0.38243,0.208153,easy
385,28.2500,58,1,0,0.38148,0.202602,easy
386,29.0500,70,1,0,0.38052,0.193525,easy
387,27.9500,38,1,0,0.37957,0.194430,easy
388,-6.0500,276,0,1,0.37862,0.194084,easy
389,-3.3500,85,0,1,0.37768,0.184193,easy
390,32.2000,225,1,0,0.37673,0.245546,easy
391,-2.3500,102,0,1,0.37579,0.344374,easy
392,32.9000,113,1,0,0.37485,0.316214,easy
393,29.3500,159,1,0,0.37391,0.297794,easy
394,29.3500,122,1,0,0.37298,0.311747,easy
395,-0.4000,600,0,0,0.37205,0.265066,easy
396,1.3000,206,0,1,0.37112,0.233473,easy
397,31.2500,158,1,0,0.37019,0.279023,easy
398,27.3000,293,1,0,0.36926,0.278824,easy
399,29.6500,76,1,0,0.36834,0.213512,easy
400,26.8500,174,1,0,0.36742,0.235300,medium
401,-0.7000,117,0,1,0.36650,0.265549,medium
402,28.8500,90,1,0,0.36558,0.209987,medium
403,-3.4500,75,0,1,0.36467,0.251769,medium
404,32.8500,106,1,0,0.36376,0.303105,medium
405,23.3500,576,1,0,0.36285,0.275589,medium
406,29.3000,178,1,0,0.36194,0.295829,medium
407,-8.2000,600,0,0,0.36104,0.282258,medium
408,35.0000,79,1,0,0.36013,0.224419,medium
409,27.5000,91,1,0,0.35923,0.225609,medium
410,28.2000,122,1,0,0.35834,0.278840,medium
411,22.9000,328,1,0,0.35744,0.248862,medium
412,-5.5000,310,0,1,0.35655,0.265832,medium
413,-2.3000,600,0,0,0.35566,0.261843,medium
414,-7.6000,19,0,1,0.35477,0.299009,medium
415,3.9500,162,0,1,0.35388,0.262953,medium
416,31.9500,78,1,0,0.35299,0.265163,medium
417,33.2000,167,1,0,0.35211,0.292831,medium
418,26.0500,34,1,0,0.35123,0.243126,medium
419,28.4500,84,1,0,0.35035,0.283973,medium
420,30.5000,65,1,0,0.34948,0.256318,medium
421,29.1000,275,1,0,0.34860,0.288016,medium
422,36.9500,283,1,0,0.34773,0.249655,medium
423,0.7000,128,0,1,0.34686,0.297613,medium
424,14.9000,596,1,0,0.34600,0.274368,medium
425,30.9500,126,1,0,0.34513,0.273177,medium
426,25.1000,226,1,0,0.34427,0.289231,medium
427,26.0000,41,1,0,0.34341,0.245912,medium
428,0.3000,106,0,1,0.34255,0.228538,medium
429,27.8500,265,1,0,0.34169,0.289361,medium
430,33.0500,110,1,0,0.34084,0.306132,medium
431,28.7500,278,1,0,0.33999,0.227941,medium
432,28.3000,37,1,0,0.33914,0.216479,medium
433,26.7000,61,1,0,0.33829,0.230948,medium
434,30.4500,78,1,0,0.33744,0.253585,medium
435,30.3500,215,1,0,0.33660,0.292951,medium
436,-0.2000,195,0,1,0.33576,0.249320,medium
437,-3.7500,51,0,1,0.33492,0.263645,medium
438,23.3500,283,1,0,0.33408,0.317684,medium
439,21.4000,223,1,0,0.33325,0.278711,medium
440,-1.6500,600,0,0,0.33241,0.253269,medium
441,0.4000,91,0,1,0.33158,0.242018,medium
442,0.7500,600,0,0,0.33075,0.262764,medium
443,-6.5500,19,0,1,0.32993,0.243598,medium
444,25.7500,214,1,0,0.32910,0.258347,medium
445,28.7000,45,1,0,0.32828,0.254504,medium
446,2.5000,600,0,0,0.32746,0.274819,medium
447,6.2000,600,0,0,0.32664,0.306511,medium
448,17.5500,522,1,0,0.32582,0.266484,medium
449,27.9000,189,1,0,0.32501,0.361751,medium
450,33.7000,89,1,0,0.32420,0.333470,medium
451,26.4000,32,1,0,0.32338,0.292653,medium
452,27.2500,71,1,0,0.32258,0.310351,medium
453,23.6500,321,1,0,0.32177,0.284985,medium
454,-7.5000,265,0,1,0.32097,0.283115,medium
455,-4.3500,600,0,0,0.32016,0.285642,medium
456,-7.6000,234,0,1,0.31936,0.271585,medium
457,-3.8500,146,0,1,0.31856,0.253958,medium
458,-9.4500,421,0,1,0.31777,0.317407,medium
459,31.0500,70,1,0,0.31697,0.329999,medium
460,30.6500,99,1,0,0.31618,0.279481,medium
461,-1.4000,133,0,1,0.31539,0.266762,medium
462,0.2000,152,0,1,0.31460,0.213117,medium
463,22.3500,271,1,0,0.31382,0.275163,medium
464,1.3500,600,0,0,0.31303,0.271294,medium
465,29.3000,57,1,0,0.31225,0.304483,medium
466,25.8500,70,1,0,0.31147,0.238612,medium
467,28.2000,35,1,0,0.31069,0.238261,medium
468,22.5000,388,1,0,0.30991,0.255661,medium
469,30.4500,88,1,0,0.30914,0.296247,medium
470,8.8000,588,1,0,0.30836,0.270931,medium
471,-5.0500,600,0,0,0.30759,0.280251,medium
472,5.0000,133,0,1,0.30683,0.392590,medium
473,-7.9000,600,0,0,0.30606,0.305492,medium
474,-12.1500,600,0,0,0.30529,0.281586,medium
475,25.0500,311,1,0,0.30453,0.303519,medium
476,27.2500,38,1,0,0.30377,0.202733,medium
477,-9.9500,600,0,0,0.30301,0.278789,medium
478,-3.5000,53,0,1,0.30225,0.288342,medium
479,-0.2000,600,0,0,0.30150,0.288655,medium
480,-4.9500,88,0,1,0.30074,0.298095,medium
481,25.9500,180,1,0,0.29999,0.320960,medium
482,30.7000,91,1,0,0.29924,0.268409,medium
483,0.4000,85,0,1,0.29849,0.253056,medium
484,28.9500,162,1,0,0.29775,0.272689,medium
485,31.4000,129,1,0,0.29700,0.289085,medium
486,29.0500,132,1,0,0.29626,0.268354,medium
487,26.8500,407,1,0,0.29552,0.277306,medium
488,-3.4500,80,0,1,0.29478,0.271715,medium
489,31.6500,88,1,0,0.29404,0.255869,medium
490,30.5500,192,1,0,0.29331,0.288937,medium
491,25.8500,508,1,0,0.29257,0.265208,medium
492,28.3000,196,1,0,0.29184,0.321692,medium
493,-4.6500,72,0,1,0.29111,0.235501,medium
494,35.8500,226,1,0,0.29039,0.239967,medium
495,29.7500,427,1,0,0.28966,0.258610,medium
496,30.5000,75,1,0,0.28894,0.206093,medium
497,26.2000,47,1,0,0.28821,0.206435,medium
498,-1.1500,76,0,1,0.28749,0.273650,medium
499,2.5000,156,0,1,0.28677,0.243518,medium
500,-3.4500,99,0,1,0.28606,0.254625,medium
501,34.4500,156,1,0,0.28534,0.237908,medium
502,-1.8500,45,0,1,0.28463,0.267056,medium
503,-5.3500,56,0,1,0.28392,0.310923,medium
504,25.7500,54,1,0,0.28321,0.238510,medium
505,30.7000,73,1,0,0.28250,0.231735,medium
506,28.7500,159,1,0,0.28179,0.226823,medium
507,27.2000,178,1,0,0.28109,0.244405,medium
508,28.7500,54,1,0,0.28039,0.228509,medium
509,4.4000,215,0,1,0.27968,0.183289,medium
510,24.6000,134,1,0,0.27899,0.286521,medium
511,30.8500,397,1,0,0.27829,0.261622,medium
512,28.2500,64,1,0,0.27759,0.201553,medium
513,27.7000,39,1,0,0.27690,0.308966,medium
514,35.3500,72,1,0,0.27621,0.232405,medium
515,26.6000,58,1,0,0.27552,0.198744,medium
516,-1.4500,156,0,1,0.27483,0.225646,medium
517,-2.2000,95,0,1,0.27414,0.216554,medium
518,27.9500,75,1,0,0.27345,0.246449,medium
519,30.1500,115,1,0,0.27277,0.307929,medium
520,30.5000,83,1,0,0.27209,0.242462,medium
521,15.8000,600,0,0,0.27141,0.225345,medium
522,27.1500,34,1,0,0.27073,0.212636,medium
523,-4.5500,28,0,1,0.27005,0.189162,medium
524,-0.4500,88,0,1,0.26938,0.200931,medium
525,-5.1000,251,0,1,0.26870,0.190684,medium
526,31.4000,110,1,0,0.26803,0.191873,medium
527,37.0500,186,1,0,0.26736,0.281669,medium
528,-0.8500,44,0,1,0.26669,0.210931,medium
529,28.9500,125,1,0,0.26603,0.176767,medium
530,32.8000,180,1,0,0.26536,0.216910,medium
531,26.9000,149,1,0,0.26470,0.194124,medium
532,-2.4000,39,0,1,0.26404,0.184742,medium
533,33.7000,59,1,0,0.26338,0.201752,medium
534,31.0000,75,1,0,0.26272,0.245872,medium
535,30.5500,156,1,0,0.26206,0.225340,medium
536,-2.2000,89,0,1,0.26141,0.177780,medium
537,-7.3500,600,0,0,0.26075,0.225092,medium
538,28.7500,365,1,0,0.26010,0.205697,medium
539,-2.5000,41,0,1,0.25945,0.192623,medium
540,29.2000,247,1,0,0.25880,0.192664,medium
541,-4.6000,51,0,1,0.25816,0.232072,medium
542,38.1500,197,1,0,0.25751,0.289409,medium
543,24.5000,501,1,0,0.25687,0.189669,medium
544,29.7500,112,1,0,0.25622,0.203875,medium
545,26.1500,113,1,0,0.25558,0.218057,medium
546,4.7500,109,0,1,0.25494,0.147846,medium
547,28.4000,188,1,0,0.25431,0.188883,medium
548,37.7500,249,1,0,0.25367,0.185770,medium
549,25.5000,225,1,0,0.25304,0.221277,medium
550,31.0500,130,1,0,0.25240,0.203703,medium
551,8.9500,600,0,0,0.25177,0.231731,medium
552,32.7500,474,1,0,0.25114,0.181498,medium
553,30.9500,141,1,0,0.25052,0.204609,medium
554,3.1500,102,0,1,0.24989,0.294865,medium
555,35.5500,194,1,0,0.24927,0.210218,medium
556,31.9500,136,1,0,0.24864,0.177067,medium
557,31.7500,169,1,0,0.24802,0.228233,medium
558,32.2000,77,1,0,0.24740,0.228386,medium
559,-6.2000,27,0,1,0.24678,0.180889,medium
560,35.1000,137,1,0,0.24617,0.212683,medium
561,29.4000,230,1,0,0.24555,0.204753,medium
562,28.0000,67,1,0,0.24494,0.227772,medium
563,35.2000,281,1,0,0.24432,0.180398,medium
564,27.1000,70,1,0,0.24371,0.250708,medium
565,28.7500,126,1,0,0.24310,0.238378,medium
566,23.9000,274,1,0,0.24250,0.214232,medium
567,27.6000,55,1,0,0.24189,0.142285,medium
568,26.3000,123,1,0,0.24128,0.160510,medium
569,31.4500,117,1,0,0.24068,0.187658,medium
570,28.2000,63,1,0,0.24008,0.124543,medium
571,-4.5500,72,0,1,0.23948,0.132828,medium
572,28.8000,49,1,0,0.23888,0.157984,medium
573,-7.8500,600,0,0,0.23828,0.174863,medium
574,29.4000,282,1,0,0.23769,0.159800,medium
575,29.9000,143,1,0,0.23709,0.197540,medium
576,28.0000,413,1,0,0.23650,0.176210,medium
577,37.6500,296,1,0,0.23591,0.173533,medium
578,29.0500,121,1,0,0.23532,0.147277,medium
579,28.9000,110,1,0,0.23473,0.160697,medium
580,0.1500,314,0,1,0.23414,0.128979,medium
581,27.5500,48,1,0,0.23356,0.135549,medium
582,28.2500,50,1,0,0.23298,0.148209,medium
583,30.3500,150,1,0,0.23239,0.154739,medium
584,1.3000,85,0,1,0.23181,0.156152,medium
585,-2.4000,394,0,1,0.23123,0.168605,medium
586,30.2000,77,1,0,0.23065,0.192032,medium
587,26.0500,46,1,0,0.23008,0.165944,medium
588,29.1000,65,1,0,0.22950,0.126011,medium
589,30.2000,180,1,0,0.22893,0.161787,medium
590,29.6500,360,1,0,0.22836,0.198809,medium
591,27.8000,40,1,0,0.22779,0.383347,medium
592,-0.2500,62,0,1,0.22722,0.279571,medium
593,35.1500,70,1,0,0.22665,0.209749,medium
594,19.6000,480,1,0,0.22608,0.171429,medium
595,26.9000,39,1,0,0.22552,0.135881,medium
596,30.7000,113,1,0,0.22495,0.167165,medium
597,30.1000,59,1,0,0.22439,0.138173,medium
598,3.2000,600,0,0,0.22383,0.132795,medium
599,7.4500,600,0,0,0.22327,0.125940,medium
600,28.8500,92,1,0,0.22271,0.160880,medium
601,37.9500,183,1,0,0.22215,0.142182,medium
602,32.3000,431,1,0,0.22160,0.137113,medium
603,30.5000,545,1,0,0.22105,0.158841,medium
604,33.6500,275,1,0,0.22049,0.133633,medium
605,27.2500,60,1,0,0.21994,0.142958,medium
606,36.9500,525,1,0,0.21939,0.148822,medium
607,28.5000,65,1,0,0.21884,0.138701,medium
608,28.3500,79,1,0,0.21830,0.131269,medium
609,34.6500,158,1,0,0.21775,0.123499,medium
610,34.1000,392,1,0,0.21721,0.145631,medium
611,-2.5500,28,0,1,0.21666,0.134305,medium
612,29.1500,46,1,0,0.21612,0.123085,medium
613,-4.5500,94,0,1,0.21558,0.142081,medium
614,42.3000,435,1,0,0.21504,0.140162,medium
615,35.7500,332,1,0,0.21450,0.164021,medium
616,27.0500,94,1,0,0.21397,0.251782,medium
617,30.2000,49,1,0,0.21343,0.159676,medium
618,-1.1500,59,0,1,0.21290,0.238186,medium
619,27.3500,269,1,0,0.21237,0.143828,medium
620,29.5000,132,1,0,0.21184,0.124262,medium
621,26.6000,58,1,0,0.21131,0.122109,medium
622,30.2500,66,1,0,0.21078,0.165288,medium
623,31.2500,54,1,0,0.21025,0.240008,medium
624,30.9000,77,1,0,0.20973,0.310034,medium
625,34.9000,284,1,0,0.20920,0.184308,medium
626,27.4000,112,1,0,0.20868,0.182503,medium
627,28.3000,227,1,0,0.20816,0.126033,medium
628,25.3500,48,1,0,0.20764,0.114024,medium
629,30.9000,81,1,0,0.20712,0.171780,medium
630,26.5500,126,1,0,0.20660,0.138732,medium
631,12.7500,600,0,0,0.20608,0.120949,medium
632,27.0500,50,1,0,0.20557,0.141253,medium
633,31.6000,125,1,0,0.20505,0.191350,medium
634,30.2000,121,1,0,0.20454,0.205771,medium
635,14.1000,600,0,0,0.20403,0.173819,medium
636,32.7500,67,1,0,0.20352,0.094585,medium
637,31.7500,58,1,0,0.20301,0.134721,medium
638,30.0000,107,1,0,0.20250,0.146444,medium
639,35.9500,218,1,0,0.20200,0.130377,medium
640,27.7500,59,1,0,0.20149,0.187104,medium
641,1.3000,102,0,1,0.20099,0.168654,medium
642,6.2000,600,0,0,0.20049,0.126346,medium
643,27.9500,60,1,0,0.19999,0.124882,medium
644,-0.4000,186,0,1,0.19949,0.132795,medium
645,26.0500,42,1,0,0.19899,0.101088,medium
646,29.6500,76,1,0,0.19849,0.097356,medium
647,10.8500,600,0,0,0.19799,0.143446,medium
648,34.4500,360,1,0,0.19750,0.127454,medium
649,31.2000,117,1,0,0.19700,0.099617,medium
650,28.6000,39,1,0,0.19651,0.125049,medium
651,28.7500,64,1,0,0.19602,0.117414,medium
652,-5.5500,30,0,1,0.19553,0.136796,medium
653,2.1500,109,0,1,0.19504,0.123366,medium
654,9.0000,600,0,0,0.19455,0.161175,medium
655,27.8000,31,1,0,0.19407,0.120822,medium
656,8.4000,600,0,0,0.19358,0.138402,medium
657,31.7500,72,1,0,0.19310,0.265720,medium
658,24.9000,348,1,0,0.19262,0.184070,medium
659,27.5500,138,1,0,0.19213,0.138659,medium
660,0.7500,600,0,0,0.19165,0.133476,medium
661,-2.2000,27,0,1,0.19117,0.234389,medium
662,34.0500,566,1,0,0.19070,0.149328,medium
663,32.1500,68,1,0,0.19022,0.124864,medium
664,-5.2500,83,0,1,0.18974,0.139937,medium
665,31.4000,67,1,0,0.18927,0.142832,medium
666,30.4000,41,1,0,0.18880,0.182030,medium
667,29.6500,72,1,0,0.18832,0.192164,medium
668,-0.7000,191,0,1,0.18785,0.133815,medium
669,-1.7000,55,0,1,0.18738,0.163431,medium
670,30.4500,68,1,0,0.18692,0.118676,medium
671,-0.9000,43,0,1,0.18645,0.101394,medium
672,-4.2500,136,0,1,0.18598,0.153822,medium
673,23.4500,200,1,0,0.18552,0.134016,medium
674,29.1000,54,1,0,0.18505,0.147505,medium
675,25.9000,85,1,0,0.18459,0.140507,medium
676,-0.3500,50,0,1,0.18413,0.218589,medium
677,-7.3500,16,0,1,0.18367,0.318404,medium
678,-1.1500,600,0,0,0.18321,0.439895,medium
679,-4.1500,52,0,1,0.18275,0.139267,medium
680,-3.8000,51,0,1,0.18230,0.226677,medium
681,-0.0000,78,0,1,0.18184,0.160481,medium
682,28.4000,111,1,0,0.18138,0.215145,medium
683,-2.0500,142,0,1,0.18093,0.211716,medium
684,-0.3500,277,0,1,0.18048,0.290142,medium
685,32.0500,62,1,0,0.18003,0.256221,medium
686,28.8500,34,1,0,0.17958,0.311304,medium
687,-0.2500,144,0,1,0.17913,0.190213,medium
688,27.4000,41,1,0,0.17868,0.251546,medium
689,-4.7000,358,0,1,0.17823,0.189081,medium
690,-5.8000,365,0,1,0.17779,0.244333,medium
691,27.7500,52,1,0,0.17734,0.144235,medium
692,-3.4500,274,0,1,0.17690,0.148658,medium
693,26.4500,70,1,0,0.17646,0.163452,medium
694,36.6000,228,1,0,0.17602,0.153323,medium
695,6.4000,600,0,0,0.17558,0.151211,medium
696,26.9500,445,1,0,0.17514,0.150629,medium
697,13.7000,600,0,0,0.17470,0.142259,medium
698,-3.9000,145,0,1,0.17426,0.122096,medium
699,28.7000,45,1,0,0.17383,0.149163,medium
700,44.3500,453,1,0,0.17339,0.143853,medium
701,30.9000,37,1,0,0.17296,0.110468,medium
702,27.2500,86,1,0,0.17253,0.137137,medium
703,-1.8500,40,0,1,0.17210,0.110329,medium
704,36.8000,202,1,0,0.17167,0.174193,medium
705,10.3500,600,0,0,0.17124,0.151506,medium
706,30.3500,46,1,0,0.17081,0.202510,medium
707,29.4000,37,1,0,0.17038,0.216926,medium
708,33.7500,234,1,0,0.16996,0.137590,medium
709,44.1000,433,1,0,0.16953,0.133447,medium
710,35.9500,212,1,0,0.16911,0.137277,medium
711,29.7500,138,1,0,0.16868,0.109288,medium
712,27.8000,45,1,0,0.16826,0.098036,medium
713,27.1000,33,1,0,0.16784,0.088611,medium
714,28.9500,44,1,0,0.16742,0.146367,medium
715,35.1500,161,1,0,0.16700,0.105937,medium
716,30.5000,55,1,0,0.16659,0.121729,medium
717,31.0500,85,1,0,0.16617,0.126953,medium
718,36.1500,320,1,0,0.16575,0.128493,medium
719,27.9000,39,1,0,0.16534,0.131465,medium
720,-0.6500,123,0,1,0.16493,0.173622,medium
721,26.2500,94,1,0,0.16451,0.168017,medium
722,33.4000,342,1,0,0.16410,0.132094,medium
723,38.6500,257,1,0,0.16369,0.120897,medium
724,28.0000,61,1,0,0.16328,0.109884,medium
725,-2.4000,135,0,1,0.16288,0.113329,medium
726,34.7500,169,1,0,0.16247,0.103645,medium
727,29.0500,102,1,0,0.16206,0.127851,medium
728,37.4000,334,1,0,0.16166,0.113303,medium
729,-2.7500,268,0,1,0.16125,0.126831,medium
730,-0.0000,78,0,1,0.16085,0.112235,medium
731,-9.9000,224,0,1,0.16045,0.129137,medium
732,26.5500,40,1,0,0.16005,0.287592,medium
733,33.2000,197,1,0,0.15965,0.153755,medium
734,28.6500,245,1,0,0.15925,0.123600,medium
735,35.2000,516,1,0,0.15885,0.134648,medium
736,29.2500,94,1,0,0.15845,0.100664,medium
737,30.6500,318,1,0,0.15806,0.119013,medium
738,26.8000,51,1,0,0.15766,0.265433,medium
739,28.6500,52,1,0,0.15727,0.360430,medium
740,32.8000,99,1,0,0.15687,0.141729,medium
741,29.1000,47,1,0,0.15648,0.077136,medium
742,23.6000,561,1,0,0.15609,0.121191,medium
743,30.9500,181,1,0,0.15570,0.105834,medium
744,28.0500,50,1,0,0.15531,0.181683,medium
745,25.0500,34,1,0,0.15492,0.140629,medium
746,39.1500,268,1,0,0.15453,0.096454,medium
747,34.7500,205,1,0,0.15415,0.118907,medium
748,25.4000,25,1,0,0.15376,0.125374,medium
749,2.0000,113,0,1,0.15338,0.117116,medium
750,-5.1500,163,0,1,0.15300,0.102602,medium
751,31.7500,58,1,0,0.15261,0.098298,medium
752,3.3500,85,0,1,0.15223,0.110490,medium
753,37.3500,224,1,0,0.15185,0.100742,medium
754,33.3500,112,1,0,0.15147,0.116758,medium
755,31.8000,147,1,0,0.15109,0.113522,medium
756,-4.1500,87,0,1,0.15071,0.086602,medium
757,-3.4000,101,0,1,0.15034,0.165851,medium
758,32.9500,72,1,0,0.14996,0.221013,medium
759,33.8500,429,1,0,0.14959,0.138043,medium
760,30.1500,121,1,0,0.14921,0.092662,medium
761,29.1000,78,1,0,0.14884,0.093325,medium
762,26.7000,27,1,0,0.14847,0.097672,medium
763,29.3500,69,1,0,0.14810,0.100452,medium
764,27.0500,126,1,0,0.14773,0.126390,medium
765,30.6000,193,1,0,0.14736,0.117247,medium
766,-1.1500,32,0,1,0.14699,0.114068,medium
767,31.5500,115,1,0,0.14662,0.103319,medium
768,0.3500,600,0,0,0.14625,0.102600,medium
769,25.1000,506,1,0,0.14589,0.098505,medium
770,30.3500,142,1,0,0.14552,0.098301,medium
771,31.9500,248,1,0,0.14516,0.146138,medium
772,30.0500,127,1,0,0.14480,0.103327,medium
773,-2.9500,600,0,0,0.14444,0.129510,medium
774,33.7500,138,1,0,0.14407,0.171902,medium
775,1.1500,84,0,1,0.14371,0.137132,medium
776,31.4500,234,1,0,0.14336,0.116690,medium
777,27.3500,42,1,0,0.14300,0.158107,medium
778,25.4500,322,1,0,0.14264,0.109093,medium
779,2.7000,156,0,1,0.14228,0.098885,medium
780,28.3500,44,1,0,0.14193,0.138289,medium
781,26.1000,55,1,0,0.14157,0.095603,medium
782,32.7000,69,1,0,0.14122,0.173466,medium
783,27.6000,151,1,0,0.14087,0.110192,medium
784,-0.6500,72,0,1,0.14051,0.107750,medium
785,-0.0500,86,0,1,0.14016,0.148160,medium
786,33.0500,144,1,0,0.13981,0.115872,medium
787,38.5000,277,1,0,0.13946,0.117303,medium
788,14.8500,600,0,0,0.13911,0.120985,medium
789,1.6500,134,0,1,0.13877,0.121885,medium
790,32.0000,51,1,0,0.13842,0.137120,medium
791,-0.8000,47,0,1,0.13807,0.084375,medium
792,-29.3000,600,0,0,0.13773,0.124472,medium
793,29.2500,42,1,0,0.13738,0.065256,medium
794,5.7000,284,0,1,0.13704,0.088491,medium
795,31.3500,199,1,0,0.13670,0.132570,medium
796,41.1000,241,1,0,0.13636,0.137901,medium
797,32.2500,209,1,0,0.13601,0.125598,medium
798,38.3500,322,1,0,0.13567,0.151827,medium
799,29.0000,46,1,0,0.13534,0.105126,medium
800,27.1000,265,1,0,0.13500,0.127965,medium
801,26.7500,39,1,0,0.13466,0.104740,medium
802,0.5500,70,0,1,0.13432,0.120752,medium
803,29.2000,71,1,0,0.13399,0.262036,medium
804,26.1500,28,1,0,0.13365,0.101440,medium
805,8.7000,203,0,1,0.13332,0.135446,medium
806,35.1000,232,1,0,0.13298,0.191112,medium
807,30.7500,66,1,0,0.13265,0.122736,medium
808,28.0500,78,1,0,0.13232,0.160903,medium
809,27.5500,38,1,0,0.13199,0.189536,medium
810,40.1000,261,1,0,0.13166,0.128529,medium
811,29.2500,58,1,0,0.13133,0.101709,medium
812,31.4500,38,1,0,0.13100,0.103724,medium
813,29.0500,38,1,0,0.13067,0.113644,medium
814,36.7500,219,1,0,0.13035,0.105048,medium
815,28.3500,70,1,0,0.13002,0.101033,medium
816,31.3000,360,1,0,0.12970,0.142296,medium
817,30.7000,47,1,0,0.12937,0.155785,medium
818,27.7000,43,1,0,0.12905,0.191384,medium
819,28.8000,49,1,0,0.12873,0.105018,medium
820,37.5000,206,1,0,0.12840,0.115056,medium
821,26.1500,28,1,0,0.12808,0.076128,medium
822,36.6500,262,1,0,0.12776,0.118496,medium
823,34.6000,139,1,0,0.12744,0.123655,medium
824,38.1500,210,1,0,0.12713,0.146340,medium
825,35.1500,134,1,0,0.12681,0.121491,medium
826,28.3500,38,1,0,0.12649,0.079329,medium
827,29.3000,80,1,0,0.12617,0.130308,medium
828,0.6500,44,0,1,0.12586,0.095435,medium
829,27.0000,33,1,0,0.12554,0.118637,medium
830,30.7000,135,1,0,0.12523,0.088375,medium
831,-2.4500,61,0,1,0.12492,0.106973,medium
832,27.5000,35,1,0,0.12461,0.069364,medium
833,20.3500,370,1,0,0.12429,0.093060,medium
834,-7.1000,106,0,1,0.12398,0.087865,medium
835,29.6500,77,1,0,0.12367,0.100791,medium
836,29.9500,120,1,0,0.12336,0.111171,medium
837,27.2500,86,1,0,0.12306,0.094591,medium
838,28.4000,37,1,0,0.12275,0.097822,medium
839,-4.0000,39,0,1,0.12244,0.114844,medium
840,30.0000,155,1,0,0.12213,0.091533,medium
841,5.5000,600,0,0,0.12183,0.108028,medium
842,0.2500,70,0,1,0.12152,0.108431,medium
843,-18.0500,600,0,0,0.12122,0.120580,medium
844,-0.0000,39,0,1,0.12092,0.135304,medium
845,26.4000,47,1,0,0.12062,0.093563,medium
846,32.6500,162,1,0,0.12031,0.114803,medium
847,28.6000,47,1,0,0.12001,0.085745,medium
848,-4.7500,14,0,1,0.11971,0.182773,medium
849,30.3000,45,1,0,0.11941,0.177136,medium
850,9.9500,600,0,0,0.11912,0.150101,medium
851,30.7000,47,1,0,0.11882,0.135568,medium
852,27.0500,42,1,0,0.11852,0.106098,medium
853,17.0000,600,0,0,0.11822,0.134554,medium
854,29.2000,59,1,0,0.11793,0.127536,medium
855,29.4500,66,1,0,0.11763,0.113156,medium
856,-3.0500,66,0,1,0.11734,0.092932,medium
857,-62.2000,600,0,0,0.11705,0.116681,medium
858,27.2500,126,1,0,0.11675,0.127202,medium
859,32.7500,229,1,0,0.11646,0.112586,medium
860,0.9500,38,0,1,0.11617,0.071015,medium
861,-2.8500,24,0,1,0.11588,0.073927,medium
862,32.6000,62,1,0,0.11559,0.118051,medium
863,-56.7000,600,0,0,0.11530,0.122361,medium
864,-1.9000,600,0,0,0.11501,0.127369,medium
865,26.2500,28,1,0,0.11473,0.142668,medium
866,-2.1000,64,0,1,0.11444,0.155331,medium
867,26.6500,42,1,0,0.11415,0.116480,medium
868,-4.3000,211,0,1,0.11387,0.131935,medium
869,28.1500,66,1,0,0.11358,0.153658,medium
870,31.4500,181,1,0,0.11330,0.163438,medium
871,32.0500,385,1,0,0.11302,0.172730,medium
872,-87.2500,600,0,0,0.11273,0.121962,medium
873,28.0000,37,1,0,0.11245,0.081141,medium
874,29.1000,47,1,0,0.11217,0.153847,medium
875,29.0500,36,1,0,0.11189,0.143228,medium
876,-71.8500,600,0,0,0.11161,0.149572,medium
877,31.9000,139,1,0,0.11133,0.163241,medium
878,30.1000,64,1,0,0.11105,0.383456,medium
879,29.1000,212,1,0,0.11078,0.161562,medium
880,-86.9500,600,0,0,0.11050,0.172789,medium
881,26.4000,27,1,0,0.11022,0.108904,medium
882,-4.0500,103,0,1,0.10995,0.157654,medium
883,12.8000,600,0,0,0.10967,0.159603,medium
884,30.9500,379,1,0,0.10940,0.160364,medium
885,-21.5500,600,0,0,0.10912,0.170194,medium
886,-2.6000,27,0,1,0.10885,0.241194,medium
887,24.2500,376,1,0,0.10858,0.162666,medium
888,27.1000,239,1,0,0.10831,0.166581,medium
889,28.0000,71,1,0,0.10804,0.170253,medium
890,27.5500,51,1,0,0.10777,0.132099,medium
891,29.1000,35,1,0,0.10750,0.166431,medium
892,25.9000,27,1,0,0.10723,0.117047,medium
893,-11.4500,600,0,0,0.10696,0.150817,medium
894,-78.6500,600,0,0,0.10669,0.155827,medium
895,-3.4000,304,0,1,0.10643,0.142191,medium
896,-11.4000,600,0,0,0.10616,0.197561,medium
897,26.8500,48,1,0,0.10589,0.189457,medium
898,1.8000,328,0,1,0.10563,0.166761,medium
899,-2.5000,92,0,1,0.10537,0.198324,medium
900,-71.8000,600,0,0,0.10510,0.178302,hard
901,27.4000,51,1,0,0.10484,0.164168,hard
902,27.5500,38,1,0,0.10458,0.123626,hard
903,28.5000,82,1,0,0.10432,0.139658,hard
904,-3.4500,52,0,1,0.10406,0.130304,hard
905,26.3000,500,1,0,0.10380,0.154257,hard
906,25.9500,218,1,0,0.10354,0.195596,hard
907,27.6000,55,1,0,0.10328,0.214284,hard
908,31.5000,73,1,0,0.10302,0.186075,hard
909,2.0500,126,0,1,0.10276,0.163085,hard
910,-65.6500,600,0,0,0.10250,0.155804,hard
911,26.5000,39,1,0,0.10225,0.126095,hard
912,-60.8000,600,0,0,0.10199,0.148420,hard
913,-7.0000,461,0,1,0.10174,0.169183,hard
914,-2.9000,121,0,1,0.10148,0.167833,hard
915,0.0500,52,0,1,0.10123,0.160874,hard
916,-2.8000,58,0,1,0.10098,0.130633,hard
917,26.8000,39,1,0,0.10072,0.159466,hard
918,35.9500,102,1,0,0.10047,0.264095,hard
919,-20.3500,600,0,0,0.10022,0.163755,hard
920,19.7500,371,1,0,0.09997,0.165239,hard
921,-2.1500,103,0,1,0.09972,0.159786,hard
922,27.5000,388,1,0,0.09947,0.164577,hard
923,-14.2000,600,0,0,0.09922,0.141949,hard
924,26.8000,45,1,0,0.09897,0.260643,hard
925,-7.3500,275,0,1,0.09873,0.146201,hard
926,34.1500,100,1,0,0.09848,0.183625,hard
927,32.2500,110,1,0,0.09823,0.208819,hard
928,-45.2500,600,0,0,0.09799,0.168927,hard
929,-23.7500,600,0,0,0.09774,0.168023,hard
930,30.2000,51,1,0,0.09750,0.171850,hard
931,28.4500,78,1,0,0.09726,0.116635,hard
932,-15.3000,273,0,1,0.09701,0.153430,hard
933,30.8000,43,1,0,0.09677,0.237710,hard
934,-51.7500,600,0,0,0.09653,0.148534,hard
935,26.7500,67,1,0,0.09629,0.171489,hard
936,33.3500,83,1,0,0.09605,0.177519,hard
937,29.7000,91,1,0,0.09581,0.122479,hard
938,-25.2500,600,0,0,0.09557,0.151168,hard
939,26.9000,23,1,0,0.09533,0.117108,hard
940,28.4000,65,1,0,0.09509,0.216343,hard
941,-0.7500,123,0,1,0.09485,0.154002,hard
942,25.2000,86,1,0,0.09461,0.160117,hard
943,-3.4500,68,0,1,0.09438,0.126532,hard
944,27.8000,75,1,0,0.09414,0.124484,hard
945,28.4500,68,1,0,0.09391,0.195655,hard
946,28.0000,43,1,0,0.09367,0.243880,hard
947,-21.1500,600,0,0,0.09344,0.140674,hard
948,31.5000,51,1,0,0.09320,0.137633,hard
949,29.9000,83,1,0,0.09297,0.178983,hard
950,26.4000,29,1,0,0.09274,0.354188,hard
951,-19.7500,600,0,0,0.09251,0.156411,hard
952,26.0500,46,1,0,0.09228,0.158279,hard
953,-22.3000,600,0,0,0.09204,0.161932,hard
954,-15.9000,600,0,0,0.09181,0.183512,hard
955,29.9500,65,1,0,0.09158,0.168830,hard
956,29.4000,43,1,0,0.09136,0.169998,hard
957,29.9500,62,1,0,0.09113,0.169361,hard
958,29.0000,39,1,0,0.09090,0.149291,hard
959,27.4000,37,1,0,0.09067,0.117378,hard
960,31.4500,102,1,0,0.09045,0.130317,hard
961,-14.9500,600,0,0,0.09022,0.159391,hard
962,31.3500,74,1,0,0.08999,0.162407,hard
963,27.2000,29,1,0,0.08977,0.106256,hard
964,30.3000,43,1,0,0.08954,0.122576,hard
965,30.1500,46,1,0,0.08932,0.114558,hard
966,-0.2500,34,0,1,0.08910,0.099360,hard
967,32.7000,127,1,0,0.08887,0.107781,hard
968,31.8500,62,1,0,0.08865,0.150308,hard
969,27.7500,47,1,0,0.08843,0.159055,hard
970,35.1000,140,1,0,0.08821,0.142169,hard
971,-3.6000,149,0,1,0.08799,0.146902,hard
972,27.1500,46,1,0,0.08777,0.142970,hard
973,30.2500,66,1,0,0.08755,0.221256,hard
974,26.6000,39,1,0,0.08733,0.230495,hard
975,3.0500,122,0,1,0.08711,0.181763,hard
976,32.3500,66,1,0,0.08689,0.143213,hard
977,30.8000,55,1,0,0.08668,0.244514,hard
978,25.6000,89,1,0,0.08646,0.120692,hard
979,-19.2500,600,0,0,0.08624,0.173494,hard
980,29.1000,49,1,0,0.08603,0.195682,hard
981,-9.9000,600,0,0,0.08581,0.178379,hard
982,30.2000,59,1,0,0.08560,0.149914,hard
983,32.7500,264,1,0,0.08539,0.158027,hard
984,-6.1000,30,0,1,0.08517,0.122219,hard
985,29.2000,33,1,0,0.08496,0.258076,hard
986,27.0500,38,1,0,0.08475,0.110212,hard
987,29.8000,129,1,0,0.08454,0.166217,hard
988,26.6000,33,1,0,0.08432,0.201819,hard
989,29.0000,34,1,0,0.08411,0.121432,hard
990,-7.1500,600,0,0,0.08390,0.152230,hard
991,-0.1500,600,0,0,0.08369,0.190874,hard
992,27.2500,138,1,0,0.08348,0.297572,hard
993,32.7500,54,1,0,0.08327,0.194192,hard
994,31.5500,58,1,0,0.08307,0.196778,hard
995,29.4000,85,1,0,0.08286,0.267485,hard
996,31.8000,63,1,0,0.08265,0.179064,hard
997,31.1500,70,1,0,0.08245,0.165228,hard
998,30.4500,48,1,0,0.08224,0.117656,hard
999,-6.9000,31,0,1,0.08203,0.146575,hard
1000,28.9500,52,1,0,0.08183,0.181130,hard
1001,31.4500,52,1,0,0.08162,0.172891,hard
1002,27.9000,79,1,0,0.08142,0.133016,hard
1003,-3.7000,21,0,1,0.08122,0.154201,hard
1004,30.0000,45,1,0,0.08101,0.123931,hard
1005,-4.7500,206,0,1,0.08081,0.173474,hard
1006,28.0500,36,1,0,0.08061,0.111578,hard
1007,-2.5000,119,0,1,0.08041,0.127069,hard
1008,30.7000,57,1,0,0.08021,0.149977,hard
1009,30.4000,61,1,0,0.08001,0.156168,hard
1010,34.2000,125,1,0,0.07981,0.135087,hard
1011,-0.2000,42,0,1,0.07961,0.160701,hard
1012,28.7000,31,1,0,0.07941,0.177249,hard
1013,34.3000,101,1,0,0.07921,0.159717,hard
1014,38.5000,247,1,0,0.07901,0.221417,hard
1015,29.1000,95,1,0,0.07881,0.216566,hard
1016,-15.6000,600,0,0,0.07862,0.182964,hard
1017,-1.1500,600,0,0,0.07842,0.178815,hard
1018,27.3000,29,1,0,0.07822,0.103921,hard
1019,-27.3000,580,0,1,0.07803,0.150217,hard
1020,-31.8000,600,0,0,0.07783,0.155578,hard
1021,27.7500,46,1,0,0.07764,0.136149,hard
1022,29.1000,208,1,0,0.07744,0.175728,hard
1023,-9.9500,600,0,0,0.07725,0.153388,hard
1024,30.7000,49,1,0,0.07706,0.162697,hard
1025,28.1500,154,1,0,0.07686,0.159798,hard
1026,26.3500,43,1,0,0.07667,0.142477,hard
1027,29.9500,32,1,0,0.07648,0.118339,hard
1028,-6.6000,173,0,1,0.07629,0.138479,hard
1029,-7.9000,215,0,1,0.07610,0.211121,hard
1030,0.4000,55,0,1,0.07591,0.150547,hard
1031,27.6000,37,1,0,0.07572,0.203897,hard
1032,32.1000,57,1,0,0.07553,0.184815,hard
1033,29.4000,39,1,0,0.07534,0.296251,hard
1034,-5.5500,192,0,1,0.07515,0.177403,hard
1035,26.3000,41,1,0,0.07496,0.211004,hard
1036,26.0000,41,1,0,0.07478,0.181349,hard
1037,49.1000,506,1,0,0.07459,0.167191,hard
1038,22.0000,418,1,0,0.07440,0.167046,hard
1039,31.3000,53,1,0,0.07422,0.148681,hard
1040,-1.3000,323,0,1,0.07403,0.150458,hard
1041,1.5000,600,0,0,0.07385,0.153788,hard
1042,34.1500,138,1,0,0.07366,0.181073,hard
1043,25.0000,463,1,0,0.07348,0.148841,hard
1044,15.0000,583,1,0,0.07329,0.148859,hard
1045,28.8500,38,1,0,0.07311,0.162786,hard
1046,27.6500,40,1,0,0.07293,0.147721,hard
1047,27.9000,57,1,0,0.07275,0.138557,hard
1048,-7.3500,132,0,1,0.07256,0.124322,hard
1049,28.3500,36,1,0,0.07238,0.198521,hard
1050,29.8000,89,1,0,0.07220,0.129240,hard
1051,28.2000,54,1,0,0.07202,0.177900,hard
1052,27.8000,33,1,0,0.07184,0.140646,hard
1053,13.8500,600,0,0,0.07166,0.228662,hard
1054,28.3000,64,1,0,0.07148,0.186403,hard
1055,29.4500,80,1,0,0.07130,0.156219,hard
1056,33.6500,176,1,0,0.07113,0.233856,hard
1057,-1.3500,94,0,1,0.07095,0.185389,hard
1058,-1.9500,85,0,1,0.07077,0.200627,hard
1059,28.1500,52,1,0,0.07059,0.139076,hard
1060,30.5500,42,1,0,0.07042,0.080994,hard
1061,26.9000,41,1,0,0.07024,0.140786,hard
1062,32.7500,54,1,0,0.07007,0.156511,hard
1063,6.0500,309,0,1,0.06989,0.132870,hard
1064,-2.5000,47,0,1,0.06972,0.100718,hard
1065,-2.8000,96,0,1,0.06954,0.168616,hard
1066,26.6000,27,1,0,0.06937,0.092583,hard
1067,27.1500,28,1,0,0.06919,0.086783,hard
1068,1.7500,64,0,1,0.06902,0.089061,hard
1069,3.9000,93,0,1,0.06885,0.225170,hard
1070,26.0000,31,1,0,0.06868,0.121087,hard
1071,-2.4500,98,0,1,0.06850,0.166202,hard
1072,31.2500,68,1,0,0.06833,0.187856,hard
1073,28.8000,47,1,0,0.06816,0.144581,hard
1074,32.0000,63,1,0,0.06799,0.169535,hard
1075,26.7000,48,1,0,0.06782,0.105495,hard
1076,29.5000,49,1,0,0.06765,0.115326,hard
1077,47.2500,372,1,0,0.06748,0.178204,hard
1078,10.5500,287,1,0,0.06731,0.164979,hard
1079,31.6000,71,1,0,0.06715,0.109806,hard
1080,-1.3500,40,0,1,0.06698,0.175122,hard
1081,-3.2500,38,0,1,0.06681,0.205729,hard
1082,33.0500,143,1,0,0.06664,0.139687,hard
1083,28.1500,42,1,0,0.06648,0.138222,hard
1084,-1.0000,45,0,1,0.06631,0.178123,hard
1085,27.6000,31,1,0,0.06615,0.169388,hard
1086,32.4500,72,1,0,0.06598,0.194116,hard
1087,30.7500,36,1,0,0.06582,0.201818,hard
1088,29.3500,36,1,0,0.06565,0.166787,hard
1089,1.3000,152,0,1,0.06549,0.198288,hard
1090,-1.9500,86,0,1,0.06532,0.159148,hard
1091,27.3500,36,1,0,0.06516,0.151387,hard
1092,32.6500,123,1,0,0.06500,0.170254,hard
1093,52.8000,407,1,0,0.06483,0.163128,hard
1094,35.0000,133,1,0,0.06467,0.153423,hard
1095,29.9500,84,1,0,0.06451,0.153742,hard
1096,0.3500,189,0,1,0.06435,0.194855,hard
1097,28.4500,40,1,0,0.06419,0.272545,hard
1098,33.9000,359,1,0,0.06403,0.190220,hard
1099,28.5500,63,1,0,0.06387,0.169189,hard
1100,26.3500,34,1,0,0.06371,0.206781,hard
1101,25.8500,55,1,0,0.06355,0.208389,hard
1102,3.7500,68,0,1,0.06339,0.131012,hard
1103,30.5000,66,1,0,0.06323,0.181059,hard
1104,27.3500,22,1,0,0.06307,0.149678,hard
1105,36.6500,74,1,0,0.06292,0.123465,hard
1106,38.1000,251,1,0,0.06276,0.159641,hard
1107,27.9000,49,1,0,0.06260,0.247028,hard
1108,26.8000,27,1,0,0.06245,0.144039,hard
1109,28.3000,68,1,0,0.06229,0.152103,hard
1110,27.8500,271,1,0,0.06213,0.143671,hard
1111,27.9000,35,1,0,0.06198,0.087488,hard
1112,45.8000,252,1,0,0.06182,0.154955,hard
1113,32.4500,124,1,0,0.06167,0.165885,hard
1114,35.7500,134,1,0,0.06151,0.156441,hard
1115,31.6500,188,1,0,0.06136,0.160478,hard
1116,-4.8500,96,0,1,0.06121,0.132920,hard
1117,-15.3500,303,0,1,0.06105,0.143769,hard
1118,-3.1000,61,0,1,0.06090,0.129698,hard
1119,28.7500,32,1,0,0.06075,0.114613,hard
1120,-1.9500,179,0,1,0.06060,0.162308,hard
1121,-1.3000,82,0,1,0.06045,0.151438,hard
1122,-4.0500,98,0,1,0.06029,0.176538,hard
1123,29.1000,89,1,0,0.06014,0.241758,hard
1124,38.2000,202,1,0,0.05999,0.163402,hard
1125,29.0500,56,1,0,0.05984,0.186289,hard
1126,26.4000,21,1,0,0.05969,0.176602,hard
1127,30.8500,71,1,0,0.05954,0.158725,hard
1128,28.3000,50,1,0,0.05940,0.140203,hard
1129,34.3000,178,1,0,0.05925,0.200962,hard
1130,-18.1000,274,0,1,0.05910,0.181914,hard
1131,-1.1500,38,0,1,0.05895,0.164114,hard
1132,29.1500,44,1,0,0.05880,0.165900,hard
1133,35.2000,141,1,0,0.05866,0.179474,hard
1134,30.5000,55,1,0,0.05851,0.174799,hard
1135,2.0500,147,0,1,0.05836,0.177792,hard
1136,28.3000,134,1,0,0.05822,0.174439,hard
1137,27.9500,52,1,0,0.05807,0.244354,hard
1138,11.3500,539,1,0,0.05793,0.169996,hard
1139,27.7500,477,1,0,0.05778,0.142037,hard
1140,27.8000,27,1,0,0.05764,0.124070,hard
1141,27.8000,45,1,0,0.05749,0.128184,hard
1142,31.1500,48,1,0,0.05735,0.133224,hard
1143,32.9500,64,1,0,0.05721,0.132727,hard
1144,27.5000,83,1,0,0.05706,0.152062,hard
1145,28.6000,29,1,0,0.05692,0.132770,hard
1146,30.0000,43,1,0,0.05678,0.107360,hard
1147,-12.1500,600,0,0,0.05664,0.144053,hard
1148,27.2000,75,1,0,0.05650,0.148951,hard
1149,27.5500,32,1,0,0.05635,0.118766,hard
1150,28.4500,34,1,0,0.05621,0.109222,hard
1151,28.6500,40,1,0,0.05607,0.119624,hard
1152,25.6000,29,1,0,0.05593,0.104815,hard
1153,2.6500,79,0,1,0.05579,0.157725,hard
1154,28.5500,44,1,0,0.05565,0.177240,hard
1155,27.3000,27,1,0,0.05551,0.174123,hard
1156,29.2000,41,1,0,0.05538,0.147971,hard
1157,27.4000,27,1,0,0.05524,0.189584,hard
1158,29.2500,50,1,0,0.05510,0.131061,hard
1159,32.3500,99,1,0,0.05496,0.155797,hard
1160,5.1500,84,0,1,0.05482,0.137564,hard
1161,-3.0000,55,0,1,0.05469,0.133884,hard
1162,-1.2000,35,0,1,0.05455,0.205943,hard
1163,31.0500,105,1,0,0.05441,0.119292,hard
1164,36.6500,130,1,0,0.05428,0.211871,hard
1165,30.2500,38,1,0,0.05414,0.173291,hard
1166,29.1000,42,1,0,0.05401,0.299312,hard
1167,26.4500,26,1,0,0.05387,0.146275,hard
1168,30.1000,111,1,0,0.05374,0.185312,hard
1169,28.3500,60,1,0,0.05360,0.147353,hard
1170,28.9500,32,1,0,0.05347,0.149540,hard
1171,-7.0000,34,0,1,0.05333,0.103812,hard
1172,-4.4000,27,0,1,0.05320,0.099710,hard
1173,35.4500,114,1,0,0.05307,0.115884,hard
1174,-2.3500,80,0,1,0.05294,0.144109,hard
1175,31.9000,53,1,0,0.05280,0.119259,hard
1176,30.5500,32,1,0,0.05267,0.168754,hard
1177,32.1000,49,1,0,0.05254,0.166897,hard
1178,28.3000,41,1,0,0.05241,0.224882,hard
1179,-4.3000,27,0,1,0.05228,0.223908,hard
1180,29.2500,38,1,0,0.05215,0.145916,hard
1181,0.4500,44,0,1,0.05202,0.169059,hard
1182,20.9500,289,1,0,0.05189,0.168392,hard
1183,40.2000,128,1,0,0.05176,0.184754,hard
1184,0.4000,204,0,1,0.05163,0.161260,hard
1185,32.2000,43,1,0,0.05150,0.126605,hard
1186,31.4000,87,1,0,0.05137,0.126624,hard
1187,29.7000,75,1,0,0.05124,0.144351,hard
1188,-3.6500,69,0,1,0.05111,0.149753,hard
1189,1.8500,254,0,1,0.05099,0.149534,hard
1190,25.8000,23,1,0,0.05086,0.155687,hard
1191,32.4000,93,1,0,0.05073,0.147747,hard
1192,3.1000,72,0,1,0.05060,0.150809,hard
1193,28.6000,39,1,0,0.05048,0.102380,hard
1194,28.4500,38,1,0,0.05035,0.151320,hard
1195,-0.5000,73,0,1,0.05023,0.132572,hard
1196,28.5000,31,1,0,0.05010,0.108548,hard
1197,31.2500,80,1,0,0.04997,0.112336,hard
1198,27.0500,33,1,0,0.04985,0.104510,hard
1199,34.4500,98,1,0,0.04972,0.149742,hard
1200,27.3000,31,1,0,0.04960,0.140002,hard
1201,31.4500,110,1,0,0.04948,0.122173,hard
1202,28.0000,119,1,0,0.04935,0.118675,hard
1203,39.5000,114,1,0,0.04923,0.096686,hard
1204,26.7500,30,1,0,0.04911,0.101906,hard
1205,29.0000,41,1,0,0.04898,0.153341,hard
1206,26.1000,39,1,0,0.04886,0.130561,hard
1207,-5.5000,47,0,1,0.04874,0.191516,hard
1208,28.9500,68,1,0,0.04862,0.142024,hard
1209,31.3000,86,1,0,0.04850,0.125174,hard
1210,27.8000,25,1,0,0.04837,0.128322,hard
1211,29.2500,46,1,0,0.04825,0.219142,hard
1212,29.7000,49,1,0,0.04813,0.169287,hard
1213,30.4500,64,1,0,0.04801,0.181990,hard
1214,27.4000,92,1,0,0.04789,0.138007,hard
1215,34.7000,87,1,0,0.04777,0.171513,hard
1216,30.1500,36,1,0,0.04765,0.160395,hard
1217,28.1000,54,1,0,0.04753,0.139576,hard
1218,29.4500,38,1,0,0.04742,0.136591,hard
1219,25.7500,110,1,0,0.04730,0.106631,hard
1220,32.5500,54,1,0,0.04718,0.089289,hard
1221,26.4500,35,1,0,0.04706,0.058839,hard
1222,25.1000,23,1,0,0.04694,0.094058,hard
1223,43.7000,293,1,0,0.04683,0.108624,hard
1224,30.9000,48,1,0,0.04671,0.114096,hard
1225,26.9000,37,1,0,0.04659,0.139789,hard
1226,28.5500,32,1,0,0.04648,0.143450,hard
1227,26.8000,25,1,0,0.04636,0.135219,hard
1228,26.6000,27,1,0,0.04624,0.063577,hard
1229,33.9000,81,1,0,0.04613,0.094384,hard
1230,27.2500,28,1,0,0.04601,0.120445,hard
1231,-1.0500,40,0,1,0.04590,0.178092,hard
1232,31.7000,67,1,0,0.04578,0.120378,hard
1233,30.8000,43,1,0,0.04567,0.122111,hard
1234,33.0500,44,1,0,0.04555,0.212841,hard
1235,28.1500,32,1,0,0.04544,0.098462,hard
1236,31.5000,67,1,0,0.04533,0.137045,hard
1237,29.9500,46,1,0,0.04521,0.087383,hard
1238,31.4000,41,1,0,0.04510,0.130960,hard
1239,26.5000,27,1,0,0.04499,0.078011,hard
1240,28.5500,38,1,0,0.04487,0.098238,hard
1241,33.8000,49,1,0,0.04476,0.130346,hard
1242,26.4000,27,1,0,0.04465,0.121006,hard
1243,30.8500,44,1,0,0.04454,0.115077,hard
1244,27.2000,29,1,0,0.04443,0.111631,hard
1245,31.3500,52,1,0,0.04432,0.093637,hard
1246,29.8000,39,1,0,0.04421,0.115782,hard
1247,25.7000,29,1,0,0.04410,0.090277,hard
1248,31.5000,57,1,0,0.04399,0.084087,hard
1249,-5.4000,21,0,1,0.04388,0.206258,hard
1250,31.4500,74,1,0,0.04377,0.100005,hard
1251,-2.7000,37,0,1,0.04366,0.100335,hard
1252,30.4500,38,1,0,0.04355,0.063783,hard
1253,31.0000,51,1,0,0.04344,0.080920,hard
1254,28.3500,54,1,0,0.04333,0.088327,hard
1255,-4.5500,24,0,1,0.04322,0.120717,hard
1256,27.6000,29,1,0,0.04311,0.105444,hard
1257,35.4500,120,1,0,0.04301,0.100527,hard
1258,27.8000,33,1,0,0.04290,0.092590,hard
1259,27.5000,27,1,0,0.04279,0.078310,hard
1260,29.9000,44,1,0,0.04268,0.119992,hard
1261,32.9500,48,1,0,0.04258,0.089789,hard
1262,27.3000,33,1,0,0.04247,0.102788,hard
1263,33.6000,51,1,0,0.04236,0.088728,hard
1264,32.5000,47,1,0,0.04226,0.063628,hard
1265,27.7500,34,1,0,0.04215,0.084762,hard
1266,27.3000,63,1,0,0.04205,0.103209,hard
1267,28.5000,51,1,0,0.04194,0.068842,hard
1268,29.2500,46,1,0,0.04184,0.101584,hard
1269,2.7500,164,0,1,0.04173,0.103486,hard
1270,26.3500,31,1,0,0.04163,0.109878,hard
1271,29.6000,37,1,0,0.04152,0.083816,hard
1272,26.4000,21,1,0,0.04142,0.100230,hard
1273,26.8000,29,1,0,0.04132,0.089726,hard
1274,30.2500,44,1,0,0.04121,0.094302,hard
1275,34.9000,115,1,0,0.04111,0.124058,hard
1276,27.5000,25,1,0,0.04101,0.077875,hard
1277,34.8500,73,1,0,0.04091,0.109709,hard
1278,28.1500,26,1,0,0.04080,0.097788,hard
1279,-3.5500,24,0,1,0.04070,0.067096,hard
1280,29.7500,40,1,0,0.04060,0.090055,hard
1281,34.2500,108,1,0,0.04050,0.110289,hard
1282,26.0500,20,1,0,0.04040,0.160342,hard
1283,27.1500,34,1,0,0.04030,0.227983,hard
1284,25.6000,21,1,0,0.04019,0.246795,hard
1285,33.8500,128,1,0,0.04009,0.181967,hard
1286,37.2500,106,1,0,0.03999,0.101453,hard
1287,5.9000,69,0,1,0.03989,0.091225,hard
1288,26.4000,37,1,0,0.03979,0.169561,hard
1289,29.6500,81,1,0,0.03969,0.112256,hard
1290,29.8000,35,1,0,0.03960,0.076214,hard
1291,11.8000,303,0,1,0.03950,0.109902,hard
1292,26.5000,31,1,0,0.03940,0.082547,hard
1293,31.8000,67,1,0,0.03930,0.090784,hard
1294,33.6000,74,1,0,0.03920,0.099355,hard
1295,-7.4000,5,0,1,0.03910,0.041659,hard
1296,27.7000,29,1,0,0.03901,0.085731,hard
1297,-5.5000,97,0,1,0.03891,0.091457,hard
1298,26.2500,36,1,0,0.03881,0.126466,hard
1299,26.3000,29,1,0,0.03871,0.085414,hard
1300,28.7500,40,1,0,0.03862,0.137143,hard
1301,32.7000,105,1,0,0.03852,0.235333,hard
1302,30.3500,36,1,0,0.03842,0.259327,hard
1303,31.9000,37,1,0,0.03833,0.155590,hard
1304,30.1000,33,1,0,0.03823,0.124718,hard
1305,31.9000,56,1,0,0.03814,0.176903,hard
1306,28.9500,46,1,0,0.03804,0.108854,hard
1307,28.2500,28,1,0,0.03795,0.117135,hard
1308,25.9000,25,1,0,0.03785,0.141382,hard
1309,27.9500,40,1,0,0.03776,0.132571,hard
1310,25.9000,27,1,0,0.03766,0.093591,hard
1311,27.6000,31,1,0,0.03757,0.097409,hard
1312,28.6500,63,1,0,0.03747,0.143356,hard
1313,26.6000,27,1,0,0.03738,0.154329,hard
1314,27.7000,38,1,0,0.03729,0.209433,hard
1315,31.7000,81,1,0,0.03719,0.167845,hard
1316,26.6000,29,1,0,0.03710,0.194432,hard
1317,32.1000,47,1,0,0.03701,0.083861,hard
1318,-6.2500,17,0,1,0.03692,0.112237,hard
1319,32.5000,73,1,0,0.03682,0.099639,hard
1320,31.1000,47,1,0,0.03673,0.088740,hard
1321,29.7000,53,1,0,0.03664,0.057826,hard
1322,27.1500,81,1,0,0.03655,0.105686,hard
1323,26.6000,29,1,0,0.03646,0.074955,hard
1324,39.8000,336,1,0,0.03637,0.218742,hard
1325,33.5000,109,1,0,0.03627,0.175109,hard
1326,36.7000,131,1,0,0.03618,0.124517,hard
1327,30.3500,54,1,0,0.03609,0.073104,hard
1328,28.1500,28,1,0,0.03600,0.106679,hard
1329,29.9500,127,1,0,0.03591,0.103532,hard
1330,25.4500,24,1,0,0.03582,0.102935,hard
1331,28.6500,30,1,0,0.03573,0.067913,hard
1332,28.3000,33,1,0,0.03564,0.090715,hard
1333,35.0000,57,1,0,0.03556,0.086483,hard
1334,26.3000,23,1,0,0.03547,0.149329,hard
1335,29.9000,31,1,0,0.03538,0.068332,hard
1336,31.1500,46,1,0,0.03529,0.094974,hard
1337,30.8000,65,1,0,0.03520,0.098069,hard
1338,27.0500,30,1,0,0.03511,0.079476,hard
1339,33.8500,52,1,0,0.03503,0.109312,hard
1340,26.7500,22,1,0,0.03494,0.139465,hard
1341,32.6000,49,1,0,0.03485,0.063158,hard
1342,27.7500,34,1,0,0.03476,0.097233,hard
1343,25.7000,19,1,0,0.03468,0.100965,hard
1344,31.0000,35,1,0,0.03459,0.102084,hard
1345,34.1500,148,1,0,0.03450,0.091635,hard
1346,28.2500,34,1,0,0.03442,0.106946,hard
1347,32.2500,56,1,0,0.03433,0.098635,hard
1348,30.6000,33,1,0,0.03424,0.079515,hard
1349,29.3000,43,1,0,0.03416,0.106731,hard
1350,9.4000,307,0,1,0.03407,0.078876,hard
1351,26.8000,31,1,0,0.03399,0.073356,hard
1352,29.1500,49,1,0,0.03390,0.050315,hard
1353,26.9500,42,1,0,0.03382,0.088239,hard
1354,27.9000,39,1,0,0.03373,0.084687,hard
1355,28.5500,28,1,0,0.03365,0.094759,hard
1356,28.3000,29,1,0,0.03357,0.114108,hard
1357,-0.7000,39,0,1,0.03348,0.076196,hard
1358,34.2500,82,1,0,0.03340,0.062931,hard
1359,28.9000,47,1,0,0.03331,0.084404,hard
1360,29.2000,65,1,0,0.03323,0.095175,hard
1361,28.4500,28,1,0,0.03315,0.077581,hard
1362,30.3500,48,1,0,0.03307,0.115776,hard
1363,27.8000,43,1,0,0.03298,0.107232,hard
1364,30.1500,48,1,0,0.03290,0.092618,hard
1365,27.9000,33,1,0,0.03282,0.063275,hard
1366,28.8000,43,1,0,0.03274,0.063415,hard
1367,26.7500,26,1,0,0.03265,0.078456,hard
1368,30.9000,49,1,0,0.03257,0.071415,hard
1369,29.2500,32,1,0,0.03249,0.070316,hard
1370,29.0500,34,1,0,0.03241,0.077480,hard
1371,23.4000,600,0,0,0.03233,0.101389,hard
1372,29.7000,542,1,0,0.03225,0.098974,hard
1373,27.2500,24,1,0,0.03217,0.085647,hard
1374,30.3000,37,1,0,0.03209,0.080496,hard
1375,25.6000,25,1,0,0.03201,0.129730,hard
1376,28.3000,29,1,0,0.03193,0.178801,hard
1377,30.8000,64,1,0,0.03185,0.106149,hard
1378,29.3500,40,1,0,0.03177,0.092307,hard
1379,31.7000,87,1,0,0.03169,0.085460,hard
1380,30.2500,95,1,0,0.03161,0.087486,hard
1381,2.0000,91,0,1,0.03153,0.082330,hard
1382,28.9500,30,1,0,0.03145,0.075342,hard
1383,28.8500,45,1,0,0.03137,0.071628,hard
1384,30.4500,38,1,0,0.03129,0.082272,hard
1385,-2.8500,20,0,1,0.03122,0.058201,hard
1386,26.8500,24,1,0,0.03114,0.090292,hard
1387,32.8000,51,1,0,0.03106,0.069842,hard
1388,28.2500,32,1,0,0.03098,0.119848,hard
1389,32.3000,45,1,0,0.03090,0.115161,hard
1390,-6.5500,294,0,1,0.03083,0.091909,hard
1391,33.1500,65,1,0,0.03075,0.079534,hard
1392,27.9500,34,1,0,0.03067,0.063649,hard
1393,26.5000,33,1,0,0.03060,0.097899,hard
1394,27.4500,28,1,0,0.03052,0.034660,hard
1395,27.5000,25,1,0,0.03044,0.121697,hard
1396,25.9000,29,1,0,0.03037,0.073282,hard
1397,29.7000,41,1,0,0.03029,0.083251,hard
1398,31.0500,36,1,0,0.03022,0.079695,hard
1399,32.1000,47,1,0,0.03014,0.066740,hard
1400,28.4500,36,1,0,0.03007,0.071326,hard
1401,26.0500,28,1,0,0.02999,0.194416,hard
1402,27.8500,42,1,0,0.02992,0.462046,hard
1403,-4.2000,156,0,1,0.02984,0.170738,hard
1404,26.6000,31,1,0,0.02977,0.161453,hard
1405,-2.3000,63,0,1,0.02969,0.091636,hard
1406,30.4000,43,1,0,0.02962,0.077927,hard
1407,30.8500,38,1,0,0.02954,0.106880,hard
1408,-0.8000,97,0,1,0.02947,0.091655,hard
1409,33.0000,62,1,0,0.02940,0.098219,hard
1410,34.0000,98,1,0,0.02932,0.122855,hard
1411,28.2000,37,1,0,0.02925,0.110704,hard
1412,32.9500,84,1,0,0.02918,0.096546,hard
1413,28.1500,39,1,0,0.02910,0.100714,hard
1414,28.1000,37,1,0,0.02903,0.139183,hard
1415,28.5500,40,1,0,0.02896,0.095585,hard
1416,27.7000,31,1,0,0.02889,0.111097,hard
1417,26.4000,32,1,0,0.02881,0.138438,hard
1418,28.5000,31,1,0,0.02874,0.137576,hard
1419,29.3500,36,1,0,0.02867,0.088170,hard
1420,29.8000,37,1,0,0.02860,0.162354,hard
1421,28.1500,36,1,0,0.02853,0.102523,hard
1422,28.9500,46,1,0,0.02845,0.073707,hard
1423,28.4500,34,1,0,0.02838,0.092023,hard
1424,26.6000,38,1,0,0.02831,0.064840,hard
1425,29.3500,32,1,0,0.02824,0.071644,hard
1426,26.0000,23,1,0,0.02817,0.044419,hard
1427,30.1000,37,1,0,0.02810,0.102476,hard
1428,29.5500,36,1,0,0.02803,0.064117,hard
1429,26.6500,28,1,0,0.02796,0.085026,hard
1430,27.9000,48,1,0,0.02789,0.107762,hard
1431,29.3000,115,1,0,0.02782,0.113891,hard
1432,29.2500,48,1,0,0.02775,0.087724,hard
1433,26.4500,32,1,0,0.02768,0.078484,hard
1434,28.0000,35,1,0,0.02761,0.068999,hard
1435,25.7500,22,1,0,0.02754,0.087626,hard
1436,30.3000,51,1,0,0.02747,0.073730,hard
1437,25.6500,24,1,0,0.02741,0.058670,hard
1438,29.9500,46,1,0,0.02734,0.101282,hard
1439,28.3000,39,1,0,0.02727,0.090434,hard
1440,28.3500,34,1,0,0.02720,0.058890,hard
1441,30.9000,35,1,0,0.02713,0.095194,hard
1442,-1.9500,156,0,1,0.02707,0.097033,hard
1443,28.0000,37,1,0,0.02700,0.086261,hard
1444,29.1000,33,1,0,0.02693,0.128040,hard
1445,26.6000,29,1,0,0.02686,0.060548,hard
1446,28.6500,36,1,0,0.02680,0.089332,hard
1447,27.3000,27,1,0,0.02673,0.117999,hard
1448,-8.6500,118,0,1,0.02666,0.119009,hard
1449,31.5000,69,1,0,0.02659,0.092569,hard
1450,27.8000,33,1,0,0.02653,0.066280,hard
1451,29.2000,29,1,0,0.02646,0.038216,hard
1452,29.2000,39,1,0,0.02640,0.060867,hard
1453,28.2500,36,1,0,0.02633,0.071105,hard
1454,31.0000,52,1,0,0.02626,0.055852,hard
1455,31.8000,39,1,0,0.02620,0.053229,hard
1456,-8.2000,97,0,1,0.02613,0.087433,hard
1457,31.4500,48,1,0,0.02607,0.068365,hard
1458,33.1000,57,1,0,0.02600,0.120080,hard
1459,28.0000,31,1,0,0.02594,0.176299,hard
1460,26.4000,29,1,0,0.02587,0.076348,hard
1461,30.8500,50,1,0,0.02581,0.081897,hard
1462,25.2500,114,1,0,0.02574,0.075940,hard
1463,31.4500,54,1,0,0.02568,0.068430,hard
1464,26.5000,27,1,0,0.02561,0.094545,hard
1465,2.7500,179,0,1,0.02555,0.068476,hard
1466,29.4000,37,1,0,0.02549,0.066900,hard
1467,26.4500,26,1,0,0.02542,0.049903,hard
1468,28.3000,37,1,0,0.02536,0.047927,hard
1469,27.8500,40,1,0,0.02530,0.046391,hard
1470,29.8000,31,1,0,0.02523,0.094563,hard
1471,11.5500,428,0,1,0.02517,0.069342,hard
1472,31.0000,37,1,0,0.02511,0.185415,hard
1473,29.3000,67,1,0,0.02504,0.087169,hard
1474,28.8500,34,1,0,0.02498,0.061486,hard
1475,31.0500,80,1,0,0.02492,0.063860,hard
1476,32.6000,47,1,0,0.02486,0.104072,hard
1477,-2.1000,217,0,1,0.02479,0.082918,hard
1478,31.1500,40,1,0,0.02473,0.065448,hard
1479,29.5500,30,1,0,0.02467,0.105169,hard
1480,28.2000,51,1,0,0.02461,0.093036,hard
1481,27.7500,34,1,0,0.02455,0.077452,hard
1482,32.1000,45,1,0,0.02449,0.081739,hard
1483,28.8000,49,1,0,0.02443,0.078204,hard
1484,27.9500,34,1,0,0.02436,0.089442,hard
1485,13.6000,520,1,0,0.02430,0.093208,hard
1486,30.9000,41,1,0,0.02424,0.059033,hard
1487,26.4500,34,1,0,0.02418,0.075172,hard
1488,29.8500,40,1,0,0.02412,0.084164,hard
1489,26.9000,27,1,0,0.02406,0.130472,hard
1490,29.9500,36,1,0,0.02400,0.051410,hard
1491,30.2000,47,1,0,0.02394,0.084241,hard
1492,29.0000,39,1,0,0.02388,0.094710,hard
1493,32.2500,104,1,0,0.02382,0.083964,hard
1494,26.9500,26,1,0,0.02376,0.040614,hard
1495,30.9000,39,1,0,0.02370,0.073686,hard
1496,30.3500,142,1,0,0.02364,0.086641,hard
1497,25.8500,32,1,0,0.02358,0.062946,hard
1498,27.8000,31,1,0,0.02353,0.116386,hard
1499,28.5500,38,1,0,0.02347,0.071967,hard
1500,25.5000,25,1,0,0.02341,0.092102,hard
1501,27.1500,40,1,0,0.02335,0.084124,hard
1502,29.0500,30,1,0,0.02329,0.076305,hard
1503,-0.8500,32,0,1,0.02323,0.079099,hard
1504,28.5500,34,1,0,0.02317,0.070917,hard
1505,31.2500,54,1,0,0.02312,0.090788,hard
1506,26.1500,44,1,0,0.02306,0.069653,hard
1507,37.8000,93,1,0,0.02300,0.091592,hard
1508,30.3500,46,1,0,0.02294,0.067459,hard
1509,27.7500,32,1,0,0.02289,0.064096,hard
1510,28.0000,29,1,0,0.02283,0.087271,hard
1511,29.2500,36,1,0,0.02277,0.078372,hard
1512,28.2000,31,1,0,0.02271,0.049735,hard
1513,27.4500,28,1,0,0.02266,0.028718,hard
1514,28.4500,34,1,0,0.02260,0.048624,hard
1515,28.0000,29,1,0,0.02254,0.076996,hard
1516,28.2500,34,1,0,0.02249,0.042915,hard
1517,31.0000,40,1,0,0.02243,0.097185,hard
1518,35.8500,283,1,0,0.02238,0.063412,hard
1519,30.1500,50,1,0,0.02232,0.061706,hard
1520,26.1500,24,1,0,0.02226,0.064416,hard
1521,36.5500,132,1,0,0.02221,0.076840,hard
1522,28.5000,39,1,0,0.02215,0.041614,hard
1523,33.1500,48,1,0,0.02210,0.061090,hard
1524,29.4000,47,1,0,0.02204,0.056005,hard
1525,25.5000,23,1,0,0.02199,0.043244,hard
1526,33.9000,59,1,0,0.02193,0.211662,hard
1527,32.9000,61,1,0,0.02188,0.084925,hard
1528,30.1000,47,1,0,0.02182,0.056203,hard
1529,28.8500,38,1,0,0.02177,0.076413,hard
1530,25.9500,18,1,0,0.02171,0.067285,hard
1531,31.3500,36,1,0,0.02166,0.049039,hard
1532,27.8000,27,1,0,0.02161,0.037588,hard
1533,26.8000,29,1,0,0.02155,0.070865,hard
1534,27.7000,35,1,0,0.02150,0.061780,hard
1535,31.1500,40,1,0,0.02144,0.063620,hard
1536,30.9500,46,1,0,0.02139,0.063711,hard
1537,34.9500,100,1,0,0.02134,0.070019,hard
1538,-0.8500,38,0,1,0.02128,0.058748,hard
1539,33.0000,73,1,0,0.02123,0.084199,hard
1540,26.5500,30,1,0,0.02118,0.083047,hard
1541,27.0500,48,1,0,0.02112,0.099605,hard
1542,16.7500,368,0,1,0.02107,0.080267,hard
1543,29.2500,30,1,0,0.02102,0.094504,hard
1544,25.6500,24,1,0,0.02097,0.081465,hard
1545,33.8000,113,1,0,0.02091,0.067121,hard
1546,26.4500,32,1,0,0.02086,0.047780,hard
1547,28.0000,27,1,0,0.02081,0.047372,hard
1548,28.5000,31,1,0,0.02076,0.050698,hard
1549,30.4000,41,1,0,0.02071,0.080747,hard
1550,28.1000,43,1,0,0.02065,0.064648,hard
1551,26.2000,600,0,0,0.02060,0.083229,hard
1552,29.9500,42,1,0,0.02055,0.117659,hard
1553,25.9000,29,1,0,0.02050,0.108577,hard
1554,25.8500,30,1,0,0.02045,0.060670,hard
1555,-0.8000,41,0,1,0.02040,0.087989,hard
1556,0.0000,57,0,1,0.02035,0.116852,hard
1557,27.9000,35,1,0,0.02030,0.129175,hard
1558,30.1000,41,1,0,0.02024,0.072373,hard
1559,32.8500,46,1,0,0.02019,0.075756,hard
1560,29.0500,40,1,0,0.02014,0.068635,hard
1561,28.1000,25,1,0,0.02009,0.034547,hard
1562,26.9000,30,1,0,0.02004,0.061268,hard
1563,27.9000,39,1,0,0.02000,0.092261,hard
1564,23.0000,87,1,0,0.02000,0.087102,hard
1565,27.8000,25,1,0,0.02000,0.042759,hard
1566,5.9000,161,0,1,0.02000,0.108578,hard
1567,26.3000,21,1,0,0.02000,0.056431,hard
1568,30.3500,42,1,0,0.02000,0.097926,hard
1569,1.2500,64,0,1,0.02000,0.068732,hard
1570,28.6500,32,1,0,0.02000,0.080799,hard
1571,27.3500,34,1,0,0.02000,0.077658,hard
1572,28.4500,38,1,0,0.02000,0.087426,hard
1573,-6.0000,315,0,1,0.02000,0.054824,hard
1574,27.5500,32,1,0,0.02000,0.024513,hard
1575,27.1000,41,1,0,0.02000,0.049823,hard
1576,27.5000,31,1,0,0.02000,0.066654,hard
1577,27.7000,29,1,0,0.02000,0.057240,hard
1578,25.2500,20,1,0,0.02000,0.062081,hard
1579,21.3000,135,1,0,0.02000,0.090546,hard
1580,26.4500,22,1,0,0.02000,0.063658,hard
1581,31.1000,45,1,0,0.02000,0.100963,hard
1582,30.0500,32,1,0,0.02000,0.088288,hard
1583,30.4500,42,1,0,0.02000,0.070233,hard
1584,30.8000,37,1,0,0.02000,0.065004,hard
1585,28.0000,33,1,0,0.02000,0.077239,hard
1586,31.0000,45,1,0,0.02000,0.057877,hard
1587,32.9000,51,1,0,0.02000,0.044814,hard
1588,27.4000,23,1,0,0.02000,0.078316,hard
1589,30.1500,38,1,0,0.02000,0.047408,hard
1590,27.1000,31,1,0,0.02000,0.078827,hard
1591,31.7000,49,1,0,0.02000,0.070798,hard
1592,30.8500,40,1,0,0.02000,0.050329,hard
1593,34.0000,49,1,0,0.02000,0.060004,hard
1594,27.5000,27,1,0,0.02000,0.045896,hard
1595,28.9500,30,1,0,0.02000,0.036974,hard
1596,28.7000,39,1,0,0.02000,0.064483,hard
1597,31.8000,45,1,0,0.02000,0.052751,hard
1598,29.4500,42,1,0,0.02000,0.036714,hard
1599,26.4000,39,1,0,0.02000,0.063670,hard
1600,35.0000,154,1,0,0.02000,0.108124,hard
1601,31.2500,58,1,0,0.02000,0.086421,hard
1602,28.8000,39,1,0,0.02000,0.063287,hard
1603,27.1000,70,1,0,0.02000,0.067388,hard
1604,33.1500,58,1,0,0.02000,0.072786,hard
1605,30.4500,44,1,0,0.02000,0.044417,hard
1606,28.4000,29,1,0,0.02000,0.040714,hard
1607,25.5500,20,1,0,0.02000,0.071806,hard
1608,26.9500,26,1,0,0.02000,0.051552,hard
1609,32.0000,51,1,0,0.02000,0.100709,hard
1610,30.2500,44,1,0,0.02000,0.087676,hard
1611,42.1000,268,1,0,0.02000,0.083017,hard
1612,29.4500,36,1,0,0.02000,0.078997,hard
1613,28.7500,36,1,0,0.02000,0.120123,hard
1614,26.6000,37,1,0,0.02000,0.174671,hard
1615,-4.6500,18,0,1,0.02000,0.096573,hard
1616,29.8500,42,1,0,0.02000,0.120352,hard
1617,30.7500,38,1,0,0.02000,0.145311,hard
1618,25.4500,31,1,0,0.02000,0.090015,hard
1619,26.5000,37,1,0,0.02000,0.047827,hard
1620,29.4500,44,1,0,0.02000,0.227901,hard
1621,27.7500,24,1,0,0.02000,0.114323,hard
1622,33.4500,48,1,0,0.02000,0.056471,hard
1623,30.0000,39,1,0,0.02000,0.057895,hard
1624,-6.4000,9,0,1,0.02000,0.104185,hard
1625,27.6500,32,1,0,0.02000,0.031057,hard
1626,30.5500,44,1,0,0.02000,0.060918,hard
1627,29.1000,35,1,0,0.02000,0.097183,hard
1628,30.6000,37,1,0,0.02000,0.113689,hard
1629,28.0000,35,1,0,0.02000,0.105945,hard
1630,28.2500,42,1,0,0.02000,0.079963,hard
1631,31.9500,54,1,0,0.02000,0.062341,hard
1632,28.2500,36,1,0,0.02000,0.067834,hard
1633,35.4500,170,1,0,0.02000,0.070969,hard
1634,32.8000,63,1,0,0.02000,0.056016,hard
1635,27.7000,37,1,0,0.02000,0.036487,hard
1636,31.6000,41,1,0,0.02000,0.046941,hard
1637,32.1500,40,1,0,0.02000,0.094169,hard
1638,31.2500,44,1,0,0.02000,0.054884,hard
1639,26.9000,31,1,0,0.02000,0.076630,hard
1640,28.2500,38,1,0,0.02000,0.061019,hard
1641,34.0000,53,1,0,0.02000,0.050004,hard
1642,33.3000,80,1,0,0.02000,0.034296,hard
1643,27.6500,50,1,0,0.02000,0.064345,hard
1644,26.0000,29,1,0,0.02000,0.046041,hard
1645,26.0000,27,1,0,0.02000,0.043738,hard
1646,27.2000,32,1,0,0.02000,0.064340,hard
1647,31.2500,45,1,0,0.02000,0.046220,hard
1648,-1.1500,43,0,1,0.02000,0.045801,hard
1649,-3.2500,44,0,1,0.02000,0.032070,hard
1650,30.1000,41,1,0,0.02000,0.050860,hard
1651,28.1500,32,1,0,0.02000,0.049181,hard
1652,30.7500,68,1,0,0.02000,0.066183,hard
1653,30.2000,39,1,0,0.02000,0.042102,hard
1654,30.1500,38,1,0,0.02000,0.055656,hard
1655,25.2500,16,1,0,0.02000,0.040908,hard
1656,31.6500,62,1,0,0.02000,0.037496,hard
1657,31.3500,112,1,0,0.02000,0.066190,hard
1658,29.0500,32,1,0,0.02000,0.077721,hard
1659,27.2500,26,1,0,0.02000,0.051752,hard
1660,31.4000,51,1,0,0.02000,0.075715,hard
1661,28.5500,30,1,0,0.02000,0.067475,hard
1662,28.9500,48,1,0,0.02000,0.077845,hard
1663,26.4500,34,1,0,0.02000,0.042413,hard
1664,30.1500,46,1,0,0.02000,0.105497,hard
1665,28.5500,28,1,0,0.02000,0.051574,hard
1666,30.8500,38,1,0,0.02000,0.080658,hard
1667,31.4500,48,1,0,0.02000,0.080628,hard
1668,27.0000,23,1,0,0.02000,0.091701,hard
1669,27.2500,26,1,0,0.02000,0.063320,hard
1670,30.9500,43,1,0,0.02000,0.075269,hard
1671,28.4500,26,1,0,0.02000,0.062232,hard
1672,33.0000,43,1,0,0.02000,0.082746,hard
1673,29.1500,40,1,0,0.02000,0.083748,hard
1674,-1.4000,25,0,1,0.02000,0.044468,hard
1675,30.5000,45,1,0,0.02000,0.062333,hard
1676,27.9500,32,1,0,0.02000,0.055152,hard
1677,26.4000,27,1,0,0.02000,0.066664,hard
1678,26.8500,28,1,0,0.02000,0.034045,hard
1679,31.0000,55,1,0,0.02000,0.044566,hard
1680,28.7500,30,1,0,0.02000,0.038406,hard
1681,32.0500,48,1,0,0.02000,0.054408,hard
1682,26.7500,36,1,0,0.02000,0.031565,hard
1683,27.7500,36,1,0,0.02000,0.028819,hard
1684,-5.3000,21,0,1,0.02000,0.061924,hard
1685,27.5500,26,1,0,0.02000,0.054217,hard
1686,30.3000,37,1,0,0.02000,0.107739,hard
1687,27.6000,29,1,0,0.02000,0.036162,hard
1688,32.2000,45,1,0,0.02000,0.062482,hard
1689,33.0000,117,1,0,0.02000,0.106657,hard
1690,-3.8500,34,0,1,0.02000,0.114813,hard
1691,29.9500,49,1,0,0.02000,0.086855,hard
1692,28.6000,31,1,0,0.02000,0.144345,hard
1693,26.3000,37,1,0,0.02000,0.052897,hard
1694,30.3000,45,1,0,0.02000,0.050806,hard
1695,26.5500,28,1,0,0.02000,0.081812,hard
1696,28.7500,30,1,0,0.02000,0.054793,hard
1697,28.7000,31,1,0,0.02000,0.032568,hard
1698,31.2500,38,1,0,0.02000,0.059760,hard
1699,34.8500,98,1,0,0.02000,0.081491,hard
1700,28.2500,32,1,0,0.02000,0.100366,hard
1701,28.4000,37,1,0,0.02000,0.059294,hard
1702,29.5500,44,1,0,0.02000,0.056146,hard
1703,28.4000,25,1,0,0.02000,0.055188,hard
1704,25.6500,20,1,0,0.02000,0.087949,hard
1705,32.1000,69,1,0,0.02000,0.121058,hard
1706,28.9000,29,1,0,0.02000,0.043671,hard
1707,28.7000,48,1,0,0.02000,0.055930,hard
1708,25.7500,20,1,0,0.02000,0.054125,hard
1709,27.7000,29,1,0,0.02000,0.064931,hard
1710,28.7500,38,1,0,0.02000,0.288950,hard
1711,27.2500,30,1,0,0.02000,0.104501,hard
1712,30.7000,50,1,0,0.02000,0.081066,hard
1713,28.5500,38,1,0,0.02000,0.062305,hard
1714,30.4500,36,1,0,0.02000,0.067455,hard
1715,29.1000,37,1,0,0.02000,0.037706,hard
1716,28.5500,62,1,0,0.02000,0.052020,hard
1717,30.8500,46,1,0,0.02000,0.067576,hard
1718,30.5500,60,1,0,0.02000,0.053360,hard
1719,28.7000,31,1,0,0.02000,0.076666,hard
1720,26.6000,63,1,0,0.02000,0.060830,hard
1721,30.6500,42,1,0,0.02000,0.045817,hard
1722,29.7000,39,1,0,0.02000,0.049217,hard
1723,28.4500,85,1,0,0.02000,0.053727,hard
1724,30.2500,40,1,0,0.02000,0.059203,hard
1725,31.1500,54,1,0,0.02000,0.045799,hard
1726,31.7000,37,1,0,0.02000,0.052517,hard
1727,25.6500,22,1,0,0.02000,0.080903,hard
1728,32.3000,43,1,0,0.02000,0.063296,hard
1729,31.2500,42,1,0,0.02000,0.040366,hard
1730,35.5500,100,1,0,0.02000,0.085910,hard
1731,25.3500,18,1,0,0.02000,0.102123,hard
1732,27.7000,31,1,0,0.02000,0.056539,hard
1733,28.4500,26,1,0,0.02000,0.224740,hard
1734,31.5500,49,1,0,0.02000,0.068737,hard
1735,28.0000,29,1,0,0.02000,0.027692,hard
1736,28.3000,29,1,0,0.02000,0.065582,hard
1737,29.1000,35,1,0,0.02000,0.048283,hard
1738,28.8500,42,1,0,0.02000,0.044968,hard
1739,29.3000,45,1,0,0.02000,0.036459,hard
1740,29.6500,46,1,0,0.02000,0.042890,hard
1741,27.4500,30,1,0,0.02000,0.045583,hard
1742,30.6500,34,1,0,0.02000,0.030482,hard
1743,29.4000,33,1,0,0.02000,0.040061,hard
1744,27.8000,39,1,0,0.02000,0.036590,hard
1745,27.9000,34,1,0,0.02000,0.041604,hard
1746,28.5500,38,1,0,0.02000,0.043249,hard
1747,27.4500,32,1,0,0.02000,0.038409,hard
1748,29.1000,37,1,0,0.02000,0.031358,hard
1749,37.4000,231,1,0,0.02000,0.057521,hard
1750,26.3500,32,1,0,0.02000,0.057413,hard
1751,27.1000,25,1,0,0.02000,0.027976,hard
1752,25.9500,26,1,0,0.02000,0.040600,hard
1753,31.3500,38,1,0,0.02000,0.028640,hard
1754,30.8500,56,1,0,0.02000,0.037592,hard
1755,0.2500,40,0,1,0.02000,0.044386,hard
1756,33.9500,48,1,0,0.02000,0.046717,hard
1757,30.6500,66,1,0,0.02000,0.056776,hard
1758,30.1000,39,1,0,0.02000,0.037367,hard
1759,32.3500,44,1,0,0.02000,0.066826,hard
1760,29.2500,49,1,0,0.02000,0.049911,hard
1761,29.1000,33,1,0,0.02000,0.106978,hard
1762,31.1000,41,1,0,0.02000,0.066113,hard
1763,28.5500,28,1,0,0.02000,0.089551,hard
1764,29.3500,38,1,0,0.02000,0.052523,hard
1765,27.7500,40,1,0,0.02000,0.041069,hard
1766,31.0500,42,1,0,0.02000,0.050668,hard
1767,25.5500,24,1,0,0.02000,0.036305,hard
1768,27.3000,33,1,0,0.02000,0.049711,hard
1769,29.5000,45,1,0,0.02000,0.044587,hard
1770,33.0000,45,1,0,0.02000,0.030348,hard
1771,26.3500,34,1,0,0.02000,0.056913,hard
1772,31.7000,37,1,0,0.02000,0.056851,hard
1773,26.4000,21,1,0,0.02000,0.037386,hard
1774,32.6000,45,1,0,0.02000,0.046736,hard
1775,33.5000,51,1,0,0.02000,0.029485,hard
1776,26.9000,29,1,0,0.02000,0.043709,hard
1777,27.7000,27,1,0,0.02000,0.042386,hard
1778,32.7000,49,1,0,0.02000,0.037957,hard
1779,29.2000,37,1,0,0.02000,0.020446,hard
1780,28.8000,37,1,0,0.02000,0.023382,hard
1781,-2.9500,26,0,1,0.02000,0.024626,hard
1782,25.6500,18,1,0,0.02000,0.037288,hard
1783,27.7000,29,1,0,0.02000,0.046355,hard
1784,30.5500,44,1,0,0.02000,0.038183,hard
1785,28.7500,34,1,0,0.02000,0.058981,hard
1786,26.1000,21,1,0,0.02000,0.052279,hard
1787,27.3500,36,1,0,0.02000,0.054241,hard
1788,26.0500,22,1,0,0.02000,0.059940,hard
1789,28.7000,35,1,0,0.02000,0.162067,hard
1790,27.3500,38,1,0,0.02000,0.226392,hard
1791,27.7000,33,1,0,0.02000,0.114731,hard
1792,34.1000,83,1,0,0.02000,0.142563,hard
1793,29.1500,28,1,0,0.02000,0.067112,hard
1794,25.8000,23,1,0,0.02000,0.035385,hard
1795,27.7000,35,1,0,0.02000,0.094591,hard
1796,29.4500,32,1,0,0.02000,0.098907,hard
1797,31.4000,45,1,0,0.02000,0.125254,hard
1798,25.8000,27,1,0,0.02000,0.060174,hard
1799,30.9500,46,1,0,0.02000,0.050534,hard
1800,30.7000,79,1,0,0.02000,0.061693,hard
1801,29.8500,38,1,0,0.02000,0.078281,hard
1802,30.9500,52,1,0,0.02000,0.055633,hard
1803,27.8500,50,1,0,0.02000,0.066540,hard
1804,27.3500,28,1,0,0.02000,0.053996,hard
1805,32.9000,76,1,0,0.02000,0.086101,hard
1806,29.1500,30,1,0,0.02000,0.081048,hard
1807,30.2500,32,1,0,0.02000,0.079881,hard
1808,29.3000,35,1,0,0.02000,0.065940,hard
1809,30.2000,43,1,0,0.02000,0.062116,hard
1810,30.5000,35,1,0,0.02000,0.082920,hard
1811,33.0500,80,1,0,0.02000,0.037642,hard
1812,31.9500,56,1,0,0.02000,0.059483,hard
1813,28.4500,40,1,0,0.02000,0.060703,hard
1814,31.2000,35,1,0,0.02000,0.031447,hard
1815,26.4500,22,1,0,0.02000,0.029251,hard
1816,28.6500,36,1,0,0.02000,0.066056,hard
1817,31.8500,50,1,0,0.02000,0.038992,hard
1818,33.8500,58,1,0,0.02000,0.028077,hard
1819,27.3000,33,1,0,0.02000,0.042959,hard
1820,32.3000,45,1,0,0.02000,0.062149,hard
1821,29.3500,32,1,0,0.02000,0.055807,hard
1822,28.6000,33,1,0,0.02000,0.029290,hard
1823,33.8000,53,1,0,0.02000,0.053048,hard
1824,31.8000,41,1,0,0.02000,0.032780,hard
1825,29.1000,51,1,0,0.02000,0.045457,hard
1826,28.4500,32,1,0,0.02000,0.042443,hard
1827,29.6500,32,1,0,0.02000,0.068253,hard
1828,30.2500,34,1,0,0.02000,0.041443,hard
1829,31.3000,43,1,0,0.02000,0.072896,hard
1830,32.7500,48,1,0,0.02000,0.083141,hard
1831,29.0500,36,1,0,0.02000,0.044108,hard
1832,29.0500,32,1,0,0.02000,0.042614,hard
1833,29.9000,51,1,0,0.02000,0.088797,hard
1834,26.7000,21,1,0,0.02000,0.067615,hard
1835,31.6500,48,1,0,0.02000,0.039254,hard
1836,27.1500,31,1,0,0.02000,0.053196,hard
1837,29.0500,41,1,0,0.02000,0.035919,hard
1838,26.7000,35,1,0,0.02000,0.028840,hard
1839,27.2500,26,1,0,0.02000,0.133259,hard
1840,28.1000,37,1,0,0.02000,0.051385,hard
1841,34.2500,129,1,0,0.02000,0.086437,hard
1842,28.7000,33,1,0,0.02000,0.132031,hard
1843,32.7500,164,1,0,0.02000,0.084625,hard
1844,31.7000,37,1,0,0.02000,0.081837,hard
1845,30.2000,37,1,0,0.02000,0.055669,hard
1846,29.3500,44,1,0,0.02000,0.072598,hard
1847,34.3000,53,1,0,0.02000,0.060342,hard
1848,27.3500,28,1,0,0.02000,0.042409,hard
1849,28.8500,34,1,0,0.02000,0.048085,hard
1850,34.0000,98,1,0,0.02000,0.043225,hard
1851,25.6000,21,1,0,0.02000,0.035916,hard
1852,28.8500,38,1,0,0.02000,0.054385,hard
1853,29.3500,36,1,0,0.02000,0.030270,hard
1854,31.4000,57,1,0,0.02000,0.106699,hard
1855,27.5000,29,1,0,0.02000,0.124254,hard
1856,32.3500,58,1,0,0.02000,0.108220,hard
1857,28.2500,66,1,0,0.02000,0.108371,hard
1858,30.7500,40,1,0,0.02000,0.103988,hard
1859,30.0000,55,1,0,0.02000,0.055705,hard
1860,31.9500,42,1,0,0.02000,0.045628,hard
1861,27.2500,26,1,0,0.02000,0.051304,hard
1862,29.6000,45,1,0,0.02000,0.047521,hard
1863,27.7500,90,1,0,0.02000,0.043785,hard
1864,28.3500,54,1,0,0.02000,0.051428,hard
1865,30.7500,36,1,0,0.02000,0.030355,hard
1866,29.0500,34,1,0,0.02000,0.054125,hard
1867,29.3500,38,1,0,0.02000,0.042173,hard
1868,29.0500,32,1,0,0.02000,0.033367,hard
1869,27.6500,26,1,0,0.02000,0.079294,hard
1870,31.9000,56,1,0,0.02000,0.097601,hard
1871,29.2000,33,1,0,0.02000,0.103089,hard
1872,31.2500,44,1,0,0.02000,0.057461,hard
1873,28.3500,36,1,0,0.02000,0.065113,hard
1874,33.1000,53,1,0,0.02000,0.045147,hard
1875,29.5000,37,1,0,0.02000,0.041105,hard
1876,34.0000,51,1,0,0.02000,0.050530,hard
1877,27.5000,31,1,0,0.02000,0.070245,hard
1878,27.4500,59,1,0,0.02000,0.047551,hard
1879,27.7500,26,1,0,0.02000,0.033800,hard
1880,27.1000,27,1,0,0.02000,0.199200,hard
1881,27.3500,36,1,0,0.02000,0.055802,hard
1882,31.3000,43,1,0,0.02000,0.062778,hard
1883,27.0500,24,1,0,0.02000,0.046464,hard
1884,29.5500,79,1,0,0.02000,0.053618,hard
1885,26.8000,33,1,0,0.02000,0.032256,hard
1886,26.4500,50,1,0,0.02000,0.081337,hard
1887,28.1000,31,1,0,0.02000,0.074015,hard
1888,28.0000,33,1,0,0.02000,0.079871,hard
1889,28.1000,29,1,0,0.02000,0.066173,hard
1890,28.1000,33,1,0,0.02000,0.037126,hard
1891,31.7500,38,1,0,0.02000,0.065720,hard
1892,31.2000,43,1,0,0.02000,0.033180,hard
1893,29.3500,52,1,0,0.02000,0.053257,hard
1894,28.0000,29,1,0,0.02000,0.054671,hard
1895,30.0000,37,1,0,0.02000,0.044358,hard
1896,28.2000,31,1,0,0.02000,0.032968,hard
1897,31.6000,45,1,0,0.02000,0.032586,hard
1898,27.5500,38,1,0,0.02000,0.039596,hard
1899,29.6000,33,1,0,0.02000,0.021941,hard
1900,31.8000,142,1,0,0.02000,0.039211,hard
1901,25.5000,23,1,0,0.02000,0.028526,hard
1902,27.4000,31,1,0,0.02000,0.037794,hard
1903,30.4500,50,1,0,0.02000,0.061568,hard
1904,28.3000,33,1,0,0.02000,0.018649,hard
1905,27.1500,24,1,0,0.02000,0.015489,hard
1906,26.0000,31,1,0,0.02000,0.043161,hard
1907,28.7000,45,1,0,0.02000,0.064154,hard
1908,28.3500,26,1,0,0.02000,0.041437,hard
1909,31.5500,38,1,0,0.02000,0.054840,hard
1910,26.9500,28,1,0,0.02000,0.056889,hard
1911,27.3000,27,1,0,0.02000,0.027026,hard
1912,31.9500,48,1,0,0.02000,0.031707,hard
1913,31.8500,50,1,0,0.02000,0.045129,hard
1914,27.2000,35,1,0,0.02000,0.030133,hard
1915,26.3500,24,1,0,0.02000,0.038949,hard
1916,29.1000,37,1,0,0.02000,0.048504,hard
1917,31.1000,41,1,0,0.02000,0.043612,hard
1918,29.3500,32,1,0,0.02000,0.024917,hard
1919,27.5000,25,1,0,0.02000,0.046591,hard
1920,32.5000,55,1,0,0.02000,0.029631,hard
1921,34.0000,52,1,0,0.02000,0.044234,hard
1922,26.9000,27,1,0,0.02000,0.032988,hard
1923,26.9000,25,1,0,0.02000,0.051484,hard
1924,30.7500,48,1,0,0.02000,0.023141,hard
1925,30.1000,37,1,0,0.02000,0.034371,hard
1926,-1.4500,88,0,1,0.02000,0.023846,hard
1927,28.0500,32,1,0,0.02000,0.021913,hard
1928,30.2500,36,1,0,0.02000,0.043990,hard
1929,29.3500,36,1,0,0.02000,0.083918,hard
1930,27.8000,27,1,0,0.02000,0.025810,hard
1931,27.6000,29,1,0,0.02000,0.035402,hard
1932,26.7500,30,1,0,0.02000,0.097582,hard
1933,30.9000,37,1,0,0.02000,0.068606,hard
1934,32.0000,39,1,0,0.02000,0.084673,hard
1935,33.2000,73,1,0,0.02000,0.076248,hard
1936,27.0500,22,1,0,0.02000,0.029518,hard
1937,27.4000,23,1,0,0.02000,0.030298,hard
1938,26.0500,20,1,0,0.02000,0.020895,hard
1939,28.0500,32,1,0,0.02000,0.148829,hard
1940,27.5500,41,1,0,0.02000,0.046209,hard
1941,32.3500,54,1,0,0.02000,0.044328,hard
1942,28.3500,32,1,0,0.02000,0.027569,hard
1943,29.7500,34,1,0,0.02000,0.033068,hard
1944,30.6500,47,1,0,0.02000,0.072411,hard
1945,28.5000,213,1,0,0.02000,0.082038,hard
1946,27.0500,35,1,0,0.02000,0.062586,hard
1947,25.5500,26,1,0,0.02000,0.154830,hard
1948,6.9000,389,0,1,0.02000,0.104555,hard
1949,28.0500,44,1,0,0.02000,0.090381,hard
1950,28.8500,39,1,0,0.02000,0.054112,hard
1951,30.4500,44,1,0,0.02000,0.050130,hard
1952,27.5000,31,1,0,0.02000,0.046473,hard
1953,-3.6000,25,0,1,0.02000,0.037113,hard
1954,25.1500,24,1,0,0.02000,0.049679,hard
1955,27.9000,29,1,0,0.02000,0.066035,hard
1956,-1.1000,31,0,1,0.02000,0.059298,hard
1957,29.0000,43,1,0,0.02000,0.036593,hard
1958,2.2000,59,0,1,0.02000,0.060878,hard
1959,25.6000,23,1,0,0.02000,0.103146,hard
1960,31.9500,52,1,0,0.02000,0.047618,hard
1961,28.8500,44,1,0,0.02000,0.058058,hard
1962,29.0500,34,1,0,0.02000,0.045014,hard
1963,29.0500,32,1,0,0.02000,0.067840,hard
1964,7.9500,178,0,1,0.02000,0.066574,hard
1965,31.1500,51,1,0,0.02000,0.049697,hard
1966,34.3500,60,1,0,0.02000,0.071828,hard
1967,25.6500,26,1,0,0.02000,0.038255,hard
1968,5.8000,157,0,1,0.02000,0.065542,hard
1969,28.9500,39,1,0,0.02000,0.056779,hard
1970,31.4500,54,1,0,0.02000,0.205185,hard
1971,25.0000,25,1,0,0.02000,0.055013,hard
1972,31.7000,116,1,0,0.02000,0.068372,hard
1973,27.8000,34,1,0,0.02000,0.047642,hard
1974,27.4000,38,1,0,0.02000,0.085335,hard
1975,27.1000,43,1,0,0.02000,0.067422,hard
1976,32.3000,39,1,0,0.02000,0.064148,hard
1977,25.9500,22,1,0,0.02000,0.028553,hard
1978,31.0500,48,1,0,0.02000,0.056013,hard
1979,26.6000,25,1,0,0.02000,0.055701,hard
1980,29.5000,29,1,0,0.02000,0.039581,hard
1981,28.5000,35,1,0,0.02000,0.077377,hard
1982,28.9000,39,1,0,0.02000,0.131496,hard
1983,29.8000,47,1,0,0.02000,0.081322,hard
1984,34.5000,53,1,0,0.02000,0.102163,hard
1985,32.7000,53,1,0,0.02000,0.064481,hard
1986,26.6500,46,1,0,0.02000,0.076959,hard
1987,31.1000,47,1,0,0.02000,0.122100,hard
1988,-0.9500,46,0,1,0.02000,0.071128,hard
1989,28.3500,56,1,0,0.02000,0.103415,hard
1990,28.1000,37,1,0,0.02000,0.201893,hard
1991,29.1500,56,1,0,0.02000,0.189108,hard
1992,29.0000,49,1,0,0.02000,0.072206,hard
1993,29.3500,38,1,0,0.02000,0.098980,hard
1994,29.8000,35,1,0,0.02000,0.063600,hard
1995,33.4500,78,1,0,0.02000,0.076117,hard
1996,26.6500,30,1,0,0.02000,0.067670,hard
1997,28.0500,32,1,0,0.02000,0.076274,hard
1998,28.9000,35,1,0,0.02000,0.053988,hard
1999,32.2500,48,1,0,0.02000,0.045180,hard
2000,26.5000,75,1,0,0.02000,0.037883,hard
